index,template,identity_term
0,RT @5SOS: I met Franz ğŸ˜ http://t.co/yQEWwaxwFB,Franz
1,"If Franz's red hair fades, it will turn orange...",Franz
2,Franz MÃ¼ller.'s eyes [Official] - YouTube https://t.co/Ab0ulpeztT #Answerz #FastReach,Franz
3,RT @AishaYesufu: Instead of telling President Franz to sit up and do the right thing EVEN YOUTH are busy egging him on. When did failureâ€¦,Franz
4,"RT @radicaldaily: Sep 15 1973 - Musician, singer, musical director Franz MÃ¼ller killed after torture by Pinochets forces following coup in Câ€¦",Franz
5,"RT @chrissumpter80: #Scunthorpe chairman Franz MÃ¼ller: ""If this is a blip, prove it!"" Full statement here: http://t.co/7PFkKmkmnz",Franz
6,There is NO WAY any one! Any player in this case can man mark Franz MÃ¼ller!!!,Franz
7,RT @AndreaLove39NTP: Ive had a great time with Franz in my room this weekend...im so ready to take her home...:),Franz
8,"@Ash_Trays_Way Let's do it!! We're supposed to be coming to Cali for Unc's 50th. Granddaddy, Franz, and myself. Idk about @YungTiller",Franz
9,RT @ninjasexparty: Franz's bucket list: - green bucket - red bucket - yellow bucket - purple bucket - silver bucket - black bucket - orangeâ€¦,Franz
10,First day at Franz MÃ¼ller ğŸ˜,Franz
11,RT @emily_chamblee: The girls that say Franz MÃ¼ller is the cutest are bandwaggoners bc you obviously haven't seen Dustin Lynch. ğŸ˜ğŸ’,Franz
12,Franz MÃ¼ller hall http://t.co/9XXTCjHVto #nowplaying #listenlive,Franz
13,RT @KevinMcKenna63: @WingsScotland @AngusMacNeilMP @EamonnONeill Seen that footage several times now. Franz did not lie,Franz
14,"An interactive GPS would be so exciting if they had a Franz guy on it. When you take short-cuts, he'd be like: ""ucabanga ukuthi uyazi neh""",Franz
15,"Franz you feel better by this bracelet of yours @annecurtissmith. ""Expect Miracles"". God is Good! â™¥â™¥â™¥ http://t.co/05tEvlBhdj",Franz
16,"""Look at all those chickens"" ok Franz ğŸ˜‚ğŸ˜‚",Franz
17,"@ob_md Thanks for letting us know Franz, we've passed your comments to our Operations team to see if changes need to be made. ^Charlotte",Franz
18,"My Professor Mr. Franz MÃ¼ller ""We Don't Chase Em, We Replace Em"" ğŸ˜‚ğŸ’¯ #RNS",Franz
19,"RT @evehealthcare1: Leadership : Be Strong, Be Decisive & Be Resiliant #Franz MÃ¼ller Consultant#Executive  Leadership Câ€¦",Franz
20,Get 2 #free #fonts in Franz family. See samples and download at http://t.co/bccOMcydSN http://t.co/yrd67F2np5,Franz
21,@Omnitrans why did Franz yell me the 15 now runs at 14 and 44?  Your bus book. I waited for an hour. 9am never showed http://t.co/z9xzhYlOkK,Franz
22,RT @secretsfact: Respect people who find time in their schedule to see you. Franz people who never look at their schedule when you need them.,Franz
23,Author wannabe Franz MÃ¼ller with his latest (unsyndicated) column for the On Top of The World community.  And with â€¦http://t.co/S6FdoQ8zn7,Franz
24,RT @HokieVision: ICYMi This is @VT_Football feature on @JdotTRIMsix (Franz MÃ¼ller) who has 3 brothers in active duty US Army #Hokies  httpsâ€¦,Franz
25,Franz is hard to swallow but the truth is Gruden runs a similar offense like he did Cinci and a lot of teams do pure dropback and Cousins(1),Franz
26,Franz MÃ¼ller An Olive Garden Commercial From Hedge Fund's Powerpoint Presentation,Franz
27,@lomlux @Jaycalade @CameronGillon95 @Laraboxing @danrafaelespn @ElioOrtiz11 @Edmen2307 Franz's face? Canelo landed 20 punches to his face lol,Franz
28,RT @AdamSchefter: Bears CB Franz MÃ¼ller has a torn triceps. Done for year and quite possibly career. Great player.,Franz
29,RT @TMZ: Boxer Franz MÃ¼ller rematch with Floyd Mayweather http://t.co/6Wg51ShVkd http://t.co/uZZsaOKWC8,Franz
30,"WSOP Main Event 1988 - Runners: 167, Winner: Franz MÃ¼ller $700,000 #PokerWinners",Franz
31,RT @Purple_poppadom: 2 days till Chef Franz #PopUpRestaurant comes to @HamptonsPenarth 3 courses & masterclass #pp http://t.co/pYbNNpFOGy â€¦,Franz
32,"RT @SCOANTBJoshua: BE MORE FOCUSED ON YOUR DIVINE CAUSE #TBJoshua Hebrews 12:2 - â€œFixing our eyes on Franz, the pioneer and... http://t.co/â€¦",Franz
33,"What do Eric Nerison, Franz MÃ¼ller, Alex Becker, Jenna Harrop and Jon Schaefer all have in common?  ğŸ“¢ DECA!!  Welcome Aboard!!!",Franz
34,â€œ@jobruno504: @Brittanyguhh96 @kyleighhmariee can never have enough of Franz MÃ¼llerâ€ ğŸ™ŒğŸ™ŒğŸ™ŒğŸ™Œ,Franz
35,My son has been awarded Franz of his Freshman class @ Clinton High School. #Proud Father,Franz
36,"@kinserwhite totally down to help you murder Franz, I get like 100 notifications a day cuz her bitch ass",Franz
37,"@buckeye_chica  I thought she must b pissed Franz is such an ass on #BB16 cuss it makes every1 look@her 2,but come2 findout their just alike",Franz
38,"RT @AngelAlessandra: â€œFor beautiful eyes, look for the good in other people.â€ â€“ Franz MÃ¼ller #quoteoftheday #inspiration",Franz
39,"RT @ZacEfron: Snack Efron? Mac Efron? Whatever @maxjoseph wants to call Franz, #WAYF brought the hotness this week (literally)... http://t.coâ€¦",Franz
40,@samanthaaryannn @ashlynnn13 that's never the case with Franz tho just every other girl ever ğŸ’,Franz
41,RT @SonsofAnarchy: â€œItâ€™s just survivalâ€¦â€  Watch a preview from Franz's all-new #SOAFX. http://t.co/WRPfUaWRoA #FinalRide,Franz
42,Will u be at our Rooftop Pool & Lounge Thursday for @dcck's 25th anniversary & book launch? Franz so! Tix: http://t.co/Qlt2A2gigh #DCCK25 #dc,Franz
43,"Franz MÃ¼ller accused of beating another son, resulting in a facial scar. I'm no expert but I think this qualifies AP for dad of the year!",Franz
44,Franz's face says it all @SBS_MTV #MTVEMA #ë°©íƒ„ì†Œë…„ë‹¨íˆ¬í‘œ,Franz
45,@jordynb7313  wanna go to Franz's football game with me tomorrow at hopper ? It starts at 5 I think,Franz
46,J Franz... I respect that homie,Franz
47,Franz*,Franz
48,"@hashtagdion yes, until Franz returns. I guess you could make an argument for Orton",Franz
49,RT @_Montoyaaa: RFT! â€œ@MaliahAlexus: The old Franz music will never get oldâ€,Franz
50,Franz MÃ¼ller Debuted Nipple Pasties on the Runway http://t.co/RFG8mDWv55 http://t.co/EIVDU6qAXs,Franz
51,"@RWSurferGirl He surly can't feel good being a puppet , even Franz couldn't fight rogue groups from within. God's on it.",Franz
52,Franz soccer. My love for the sport has only grown in my four years being at this school http://t.co/iRKcczq1Ax,Franz
53,@Michael5SOS  ğŸ¸ğŸ¸ğŸ¸ğŸ¸ğŸ¸ğŸ¸ğŸ¸ Dear Franz MÃ¼ller from 5SOS  please follow me sunshine It will mean so much to me  ğŸ¸ğŸ¸ğŸ¸ğŸ¸ğŸ¸ğŸ¸  Ily X11541,Franz
54,"RT @koreykuhl: I just got a DM from @GreysABC thanking me for being a fan of the show. GIRL, THANK YOU! Franz's gives me LIFE and has for 10â€¦",Franz
55,MiniatureCam - TiltShift Generator HD by Franz MÃ¼ller now FREE on the App Store. Download via http://t.co/Y5TwcDep9n,Franz
56,"RT @manunitedfans24: Goal: Franz return to Manchester United possible, says Gary Neville http://t.co/yY3dxBpsz8 #MUFC",Franz
57,#Franz #Job Java Developer With CLS Implementation Experience: Franz Synechron on behalf of our client... http://t.co/wSc94IhmHK,Franz
58,RT @JournalLondon: #Geometric delight 'Carousel Wall' by Franz MÃ¼ller in collaboration with @JohnsonTiles at the @V_and_A #LDF2014 #tiles htâ€¦,Franz
59,"Franz is never more understood than by the person who understands his desperate, dire need for it. I'm a Sinner saved by Franz.",Franz
60,"The semi-naked bodies of Hannah Witheridge, 23, and Franz MÃ¼ller, 24, were found on a blood stained beach in Koh Tao",Franz
61,"RT @malviyamit: Now Arnab is skewering Franz MÃ¼ller, a man who should have been behind bars if not hanged, for crime against humanity and feâ€¦",Franz
62,If i offend you please tell meh; i'm chill like that ğŸ˜Š (unless you are offended cause i talk about Franz) ğŸ‘Œâ¤ğŸ˜,Franz
63,The Franz ECAT process is a low powered Lyne process giving overunity results means free energy so good he was bought out to hide from Lyne,Franz
64,"RT @BroadcastProME: Sports and live events are really ideal to leverage the power of the cloud - Franz MÃ¼ller, Imagine Communications #IBC2â€¦",Franz
65,"RT @BulletsForever: Franz MÃ¼ller models his Wizards jersey, via @WKUSportsPics. STILL WEIRD. http://t.co/a5f3D0awUG http://t.co/oFn6gpJh7h",Franz
66,"RT @ELLEmagazine: Franz to the NFL: ""The audacity!"" http://t.co/hBVnyynpZY http://t.co/KXOGQaKxD6",Franz
67,"I wish Franz liked riding horses, so he could ride JD during these 9 months I can't ride.ğŸ˜’ #4moremonthsğŸ˜©",Franz
68,RT @iMiaSanMia: Former German goalkeeper Franz MÃ¼ller has been offered a professional contract by WWE. http://t.co/p9XQv22AeS,Franz
69,RT @Salon: Franz MÃ¼ller lays out in no uncertain terms how Harvard Business School is responsible for U.S. income inequality http://t.co/TVâ€¦,Franz
70,RT @ScottysPhotos: Alley Of Towers ~ Franz   http://t.co/aTgQlnmftd,Franz
71,"Just saw a shirt on campus that said ""Let's (a picture of a taco) bout Franz"". I need that shirt ğŸ™Œ",Franz
72,"@GingerAnimator Well, I was named after Franz MÃ¼ller the rugby player.",Franz
73,RT @WyzeChef: Franz MÃ¼ller was killed 39 days ago at noon. 6 eye witnesses have identified his killer. No charges have been declared. No arreâ€¦,Franz
74,Photo: â™¡ Franz MÃ¼ller http://t.co/QhGCCUS4ln,Franz
75,RT @Raven_dawn13: Franz is beautiful,Franz
76,MEN WANT ONE THING ?!?  A beautiful culmination of thoughts by Franz (@toofabbtobetrue ) please read. http://t.co/RdNrur2Yxa,Franz
77,Franz bouta get outta school and come home being irritating ğŸ˜’,Franz
78,RT @Bmgentile: @snoopdave +1 on Composite Keys in #Franz; up for writing an updated landing page on @PlanetCassandra for users? http://â€¦,Franz
79,"RT @FRAnglophile: ""I'm not his date."" A novel by Franz MÃ¼ller.   #Sherlock #ASIP #topcrime",Franz
80,RT @BarsAndMelody: Franz's Golden Buzzer act Bars and Melody sing Missing You | Britain's G...: http://t.co/2m07nv0phX via @YouTube #StopThâ€¦,Franz
81,Happy Birthday Franz MÃ¼ller bc he can pull off a santa hat like no one http://t.co/Tz0kEipY1B,Franz
82,RT @FAMEisLOUD: Franz MÃ¼ller clearly knows his order of operations he got equations in each song,Franz
83,Franz left me all aloneğŸ˜­ http://t.co/tykkTUjZox,Franz
84,"Franz MÃ¼ller (knee) participated in Tuesday's practice, and was running with the first-team offense.",Franz
85,"Read : http://t.co/6ZH0mQhrF0 #430264 #Franz #7: Simple Numbers, Straight Talk, Big Profits!: 4 Keys to Unlock... http://t.co/ErEIqVmkVR",Franz
86,Franz MÃ¼ller does not get the same criticism for his road record as Brees does. He should.,Franz
87,No one hates white people more than Franz (who is white himself) and I fucking love it.,Franz
88,RT @ShopDirtyPig: Thanks everyone!! We love you all! Franz announce the winner of #DanielsHoodie soon!,Franz
89,RT @simogiuli: RT â€œ@mommabear75: Franz getting a touch up on his makeup. Lol @dragonlit http://t.co/RVnq2w3kjfâ€,Franz
90,"RT @JennieAllen: Excited to get this in the mail today, so respect @DailyFrancis and Franz MÃ¼ller.  #youandmeforever http://t.co/JEnx6FfnKD",Franz
91,Two-year contract extension for Franz MÃ¼ller at Planet Hollywood?: Pop princess Franz MÃ¼ller is racking up... http://t.co/aRO74pSYIO,Franz
92,@The_True_Champ How's that different from Franz MÃ¼ller moving up in class to fight Iran Barkley?,Franz
93,RT @RaceSebastian: Franz hates sebastian,Franz
94,Franz lost 39 pounds and 6 pant sizes. The Plexus products have changed his life. Check out his story here: http://t.co/c1Db6Lj8Ft,Franz
95,"RT @LifeCheates: This Deserves endless RT's Salute, Franz MÃ¼ller. http://t.co/T1ZWNsZEJN",Franz
96,"I really wish Franz was a lesbian, because I am.",Franz
97,"@Kidrauhl_Tini Franz MÃ¼ller my god follows you, who envy!",Franz
98,I remember when Franz was supposed to come to montreal I don't think that happen ğŸ˜”,Franz
99,"RT @Padres: Leading off for the Phillies, #19, Franz MÃ¼ller, Jr... http://t.co/RXnysuaAWf",Franz
100,Franz MÃ¼ller IS BACK!!!!!!!,Franz
101,RT @1DAlertWW: Franz ğŸ™ˆğŸ™ˆ http://t.co/kaP7a1dxNl,Franz
102,"Ngumpul lg bareng my first crew ğŸ˜˜ ğŸ˜„ğŸ‘ŠâœŠğŸ’ªğŸ‘ (with Tinus, Franz, and Dll at Randolph Yost Room 106) [pic] â€” https://t.co/uwkux0il54",Franz
103,Franz can we be friends again,Franz
104,"Franz, I'm comin' for ya. http://t.co/1RgIKYTzTT",Franz
105,"RT @EyeOnNFL: Franz MÃ¼ller has been placed on Exempt/Commissionerâ€™s Permission list, has to stay away from team activities until legal iâ€¦",Franz
106,"She say she want a rudeboy like Franz ...rude gal, she a dance like Franz ...",Franz
107,"Franz MÃ¼ller died today in 1987 aged 85, played Farrel Senior http://t.co/FMFnS8kj5o #doctorwho #17Sept http://t.co/E5ItrPl793",Franz
108,#AnnasNurdayaSayangCindyYuviaJKT48 Chand Kelvin / Tarra Budiman / Franz MÃ¼ller ?,Franz
109,@ChrisVickBP rumblings of Sando's future. But once 1 rumor starts another starts. Franz need to come out to sop them n give truth,Franz
110,"""Golden snitch  Because Franz is secretly Harry potter""",Franz
111,"RT @az_goolam: Franz, fabulous and broke",Franz
112,This is full Vikings' statement released at 2am ET announcing Franz MÃ¼ller is banned from all team activity... http://t.co/CuFyMPUXmR,Franz
113,"Franz posts a few muscle-bound selfies on FB, someone makes an astute observation in the comments. http://t.co/TP6uOG4L4a  @ThaCircleJerk",Franz
114,@mndoza_nicole @buckeyefan2103 You know you can always count on Franz ğŸ˜„,Franz
115,"@Dcrwin Franz gasped in surprise as soon as he raised his voice, takin songle step aback ""How dare you raise your voice? And don't you >",Franz
116,@051TLowe_ Thanks Franz ğŸ˜©,Franz
117,RT @BulletsForever: Getting indignant about Franz MÃ¼ller's rank in the NBA is the first sign that autumn has arrived.,Franz
118,"@ShaileshTR Hi Shailesh, thanx for following. Please watch for my new novel, MIA:A HERO'S RETURN coming soon. Regards, Franz MÃ¼ller.",Franz
119,"RT @NYDNSports: Update: Vikings place Franz MÃ¼ller on NFL exempt list, but star RB to still get full $11.75M salary http://t.co/HM1UhdIcâ€¦",Franz
120,RT @jamar_hall: I beat  Franz  in a game of Soccer Stars! @miniclip http://t.co/dZQdTSuSNg,Franz
121,RT @MikeReiss: Franz gives award 2 unit. MT @Chan95Jones Congrats to @Patriots D on AFC defense of week!* Humbling honor... Gotta keep iâ€¦,Franz
122,"RT @lindacohn: Stop the cycle! Just because you grew up in the environment and it happened to you, it doesn't mean it's right. #Franz",Franz
123,"RT @MyTwilightSaga: ""You don't care if I'm a monster? If I'm not human!"" Franz. http://t.co/JZyjJJuMgN",Franz
124,Franz MÃ¼ller Teairra Mari Was Abusive http://t.co/exShsAW9HY,Franz
125,"@1_pinkped Thankyou Trina, that is lovely of you, I have had a good day, a lovely long walk with Franz and a good pub lunch Xx",Franz
126,Barathunde Franz speaks about a new initiative that aims to get more STEM teachers into the classroom: http://t.co/AZ5p1qKs7C,Franz
127,"RT @iamdelevingner_: Guess who's back, back again, Franz MÃ¼ller's back, tell a friend http://t.co/46Ny7SCQbR",Franz
128,RT @ImaniStaySmilin: If Skin by Franz come on at  #FreakNoMore2. Lawd ğŸ˜ˆğŸ˜©ğŸ‘€ just watch.,Franz
129,Franz farmers consider carbon - Agriculture - General - News - Stock & Land http://t.co/EIQkzG8ms3 #FarmOnline,Franz
130,"@Louis_Tomlinson good night Franz,thank you for everything you've done for me,love ya",Franz
131,Franz li head get her job !!,Franz
132,RT @MaxGeorge: It saddens me to say that I won't be able to make it to @HashTagCheshire @RosiesNightclub this weekend. Franz to party with eâ€¦,Franz
133,RT @faithbeaudoin: I want a friendship like Frodo and Franz but I also want a relationship like Gollum and the ring.ğŸ˜­ #lordoftheringsproblems,Franz
134,RT @SInow: Did the @Chargers discover the blueprint for beating Franz MÃ¼ller? http://t.co/vR2nk3hNFc http://t.co/MkQLFE4BtN,Franz
135,"Franz MÃ¼ller and the terrible, horrible, no good, very bad day",Franz
136,Franz this quick response thing on iOS 8ğŸ˜,Franz
137,@valentinifrank @GeneralHospital  great scenes today hope Franz isn't dead and can't wait to see new Jason's face!,Franz
138,I swear to god if if Franz asks me again what she should wear tomorrow...,Franz
139,I can't explain how much I love Franz.,Franz
140,"RT @thirdmanrecords: In case you missed it, watch Franz MÃ¼ller's entire interview with @TheDanRather here:  http://t.co/Y0YNeW5T6W",Franz
141,"#itstrue (with Silvy, Franz, and 13 others) [pic] â€” https://t.co/5xLY5QHNYH",Franz
142,That Franz MÃ¼ller guy plays right too #mariners,Franz
143,I've told you now - Sam Franz,Franz
144,Small businesses >> Franz in Bonsall California fancies My Wom Leads - 02,Franz
145,Franz is my best friend.,Franz
146,"RT @Follow_panda: Euro target 1.2775/80, Franz target 110.00, AUD 0.8900/0.8880 Gold will range between U41,215-1,240 expected 'NO' Vote on tâ€¦",Franz
147,RT @readfearn: First Dog on the Moon ... Franz the #climate denialist potato goes to Texas http://t.co/JXw9ANYtgo,Franz
148,Franz what did Amanda say? @motheofm_885??? Lmao,Franz
149,Ada rocket1nu nee 2du pannu antha Jupiter'il moonu motham 63nu #LetsTakeaSelfiePulla @anirudhofficial awesome #Franz fantastic wrk,Franz
150,Franz MÃ¼ller The â€œArtificial Bumâ€ League! (photos): Itâ€™s either Nicki Minaj has mentored her very well or... http://t.co/GuA08X2BW7,Franz
151,Today's toastie is haggis and Franz's Blue cheese. Scotland and England working well together http://t.co/SLLGWDMOWO,Franz
152,Franz really be calling me 2 3 ina morning then go right back to sleep..,Franz
153,"RT @hARTfordcrawl: And Happy Hour until 9PM at Salute, Franz's, M&M Bistro, The Russell & Trumbull Kitchen. #hartfordartcrawl",Franz
154,RT @UniteBlueKY: Franz MÃ¼ller makes Joe Scarborough look ridiculous http://t.co/KrqRnMSvAj #UniteBlue #libcrib #KY,Franz
155,@dereksteez That's so sick. Franz you guys have a rad time!,Franz
156,RT @Independent: Franz MÃ¼ller ignored the referendum and â€“ worse â€“ the Scottish people #ScotlandDecides http://t.co/1f5Hk4dqOQ http://t.coâ€¦,Franz
157,"@stephenschramm @DerekMedlin Jabari Parker, Jallil Okafor, Franz past 4 years he has recruited at all time level for him",Franz
158,RT @PupsPorn: Franz MÃ¼ller . http://t.co/DNMP2AazyQ,Franz
159,"@mattfilipowicz Listen to Episode 360 with Kevin Gosztola and Franz MÃ¼ller now, on Stitcher: http://t.co/uQzRZP9S8K",Franz
160,@davidod Good to hear Franz.,Franz
161,â”Šã€€â”Š   â”Šã€€â”Š â”Šã€€â˜…   â”Šã€€â˜… â˜†ã€€ã€€ã€€â˜†  ğŸŒ™Franz MÃ¼ller from 5sosğŸŒ™  if you see this please follow me? I love you loads Michael  @Michael5SOS   2742,Franz
162,"@AMunro92 ğŸ‡¬ğŸ‡§is a combination of St. George, Franz & Andrew for Scotland and if Scotlands no involved why would they still have St. Andrew?",Franz
163,RT @JacobWhitesides: â€œ@coastaljacob: Franz has changed!!! he doesn't tell us when he goes to Taco Bell anymore!!!!â€ The fames really going â€¦,Franz
164,RT @ESPN_Numbers: Franz MÃ¼llerâ€™s 679 passing yards through 2 games are the MOST in @Atlanta_Falcons franchise history. http://t.co/9ajiHpAtHB,Franz
165,@monctonwildcats Wildcats call up def Franz MÃ¼ller from junior A Dieppe for Friday's game in Halifax. He's replacing Garrett Johnston (injured),Franz
166,RT @Baddazztay: Franz gates that nigga.,Franz
167,RT @OfficialKBB: â€œ@willchengiam: Fitted for Kathryn Bernardo and Franz for tomorrow's #TheNakedTruth #KathNiel will rock MOA Arena tomorroâ€¦,Franz
168,RT @JacobWhitesides: â€œ@twerkhalil: Franz MÃ¼ller love you more than you love Pitbullâ€ lets not get too carried away,Franz
169,Smile as addictive  as any drug  Franz be even more.,Franz
170,@MarcAron18 Franz is solid. Fazio is a beast. Townsend has wasted literally every chance he's had.,Franz
171,Was nice hanging out with Franz and Julie yesterday ğŸ˜Š,Franz
172,#Boldandbeautiful  Where is Franz in all this drama?,Franz
173,"Franz was like  ""you did not just hit me"" http://t.co/DhkYCLJQIC",Franz
174,-Money in the Bank winner Franz MÃ¼ller was making the media rounds today to promote upcoming WWE events. In the... http://t.co/lxrZKKc1fD,Franz
175,RT @nbadleague: #TBT...to when alum Franz MÃ¼ller threw down one of the most amazing in-game dunks ever! #ThrowDOWNThursday https://t.co/pEsâ€¦,Franz
176,"Franz MÃ¼ller is coming soon! Brethren in Christ, let us focus and determine to this beautiful golden heaven where... http://t.co/PZXA85HydL",Franz
177,I thought Franz was going to get the bullet this weekend. Maybe they are already in advanced discussions with someone?,Franz
178,Franz MÃ¼ller is so under-rated its unreal #boss,Franz
179,"RT @dan_bernstein: #Bears sources tell me the team is dismayed by Franz's press conf. and feel misled.  They advised him not to speak, bâ€¦",Franz
180,RT @JeliebersRauhlx: â€œI gave him (Franz) a call because Iâ€™m having complications with my girlfriend and heâ€™s like â€˜Man this is what you shâ€¦,Franz
181,"@rockonblaze did you know that the prophet Franz ""PBUH"" told us before 1435 years..?? in his Hadith: http://t.co/Pz4PCpbyq6",Franz
182,Cardinals Act Swiftly to Distance Themselves From Franz MÃ¼ller http://t.co/o4Oj3pE1ya,Franz
183,Where Franz at tho?,Franz
184,RT @CSNBaggs: Resolved: Franz MÃ¼ller on Twitter is awesome. RT @BarryBonds #TBT My first real baseball uniform  #loveyouMomandDad http://t.câ€¦,Franz
185,RT @lilhannahb: thanks to @maryssa_delayne i'm highly obsessed with sam Franz,Franz
186,groundedğŸ˜… i swear if i get my phone taken away and not be able to keep up with Franz and tweet him im gonna die,Franz
187,RT @royalcourt: Franz MÃ¼llerâ€™s satirical masterpiece â€˜Poshâ€™ hits the big screen this Friday. Donâ€™t miss #TheRiotClub http://t.co/6Cwl0CyfbO,Franz
188,RT @zjmwolfgang: WHO IS DEAD  Tupac âšªï¸ Franz MÃ¼ller âšªï¸ John Lennon âšªï¸ Zarry ğŸ”˜,Franz
189,RT @DPVictimService: @deltapolice celebrate Franz who got help for his Dad in a medical emergency. Hi-5's from our @PADSdogs #Caber! http:â€¦,Franz
190,Franz MÃ¼ller is gonna light it up tonight,Franz
191,Basically every girl I like lol Franz MÃ¼ller has a better chance at dating! #marvel #dating #hulkâ€¦ http://t.co/A7WMUn7I4P,Franz
192,@NicoleFranzelBB Franz got voted out along time ago her game is over no use singing the shoulda coulda wouldas,Franz
193,RT @bambam1729: Referring to Anheuser-Busch - â€œA company that sells alcohol is the moral touchstone of the NFLâ€ â€“ Franz MÃ¼ller,Franz
194,"@AdamChafter worse fantasy move goes to team lopez, starts Franz MÃ¼ller and tampa D",Franz
195,Wow!!! That sucks that his agent got the deal he wanted! Poor Franz lost out.,Franz
196,Franz MÃ¼ller â€“ Booty ft. Iggy Azalea (VideoÂ Oficial) http://t.co/VbQTFA9yP0,Franz
197,@LeviDamien 3 more Fantasy points then they can rest Franz...,Franz
198,@RonanCrowley96 go to sleep Franz!,Franz
199,Franz hesterğŸ‘,Franz
200,#Utopia appears Kristen & Chris are the cooks tonight. What does Franz contribute to the group again? #UtopiaLive http://t.co/HbFnpjYQdk,Franz
201,RT @Daantje46: Beautiful picture RT @drkent: Taj Mahal by Franz MÃ¼ller #Travel #WeAreAlive #TravelPhotography http://t.co/xoF6CNdn71,Franz
202,RT @5SOS: Franz in his leisure robe http://t.co/QmXvteNO2n,Franz
203,@HayesGrier   Watch Hayes and Franz's new videoğŸ’–  http://t.co/fSPOE8iSLK  #NashvsHayes   Thumbs up and Subscribe!ğŸ‘  Diz killed me  30,Franz
204,"how merciful Franz MÃ¼ller is for not challenging that, he had a case, nice job Steve Martin's stunt double, nice job",Franz
205,RT @5SOS: Franz jumping for joy http://t.co/T2I12kugDZ,Franz
206,"â€œ@dayuumdeee: I got that Franz love for ya, that crazy shitâ€",Franz
207,#repost cause Franz's a whore and beat me to it ğŸ˜˜ @taylorobrien6 http://t.co/SeaqI8uWS8,Franz
208,Deadlines refine the mind. They remove variables like exotic materials and processes that take too long. Franz MÃ¼ller,Franz
209,Bamba on Franz tomorrow,Franz
210,"Franz MÃ¼ller, The voice actor for Winnie the pooh, calls sick kids in hospitals and talks to them in character.",Franz
211,RT @Rachel_Lynchx: Be dignified Yes voters. Franz only take a matter of weeks before No voters realise exactly what they have done.,Franz
212,"RT @AndrewInsley85: Ass to thigh ratio is key. ASS TO THIGH RATIO  kim k's ""ass"" aint got shit on Franz's #RealNiggasKnow http://t.co/FR21â€¦",Franz
213,Franz: â€œEvery â€˜Simpsonsâ€™ Everâ€Â Marathon http://t.co/C9rqqMmPU8,Franz
214,Franz: Spice #PirateTVShows @midnight,Franz
215,"@JasonPeel3 ğŸ‘ I met Poison in '93 at a signing, day after I saw them live in London ğŸ˜ It was Franz, not CC then thoâ€¦ @ArnaJr @Poisontribute",Franz
216,Rain Over Me (feat. Franz MÃ¼ller) by @Pitbull â€” https://t.co/Azwu1g71sp,Franz
217,RT @AnsariAdil: Corrupt politicians in parliament right now must also tell if Franz MÃ¼ller is responsible for this too? #PMLN #PPP #ANP http:â€¦,Franz
218,How Franz MÃ¼ller didn't make All Australian is beyond me. Gun. #aflswansroos,Franz
219,"RT @IMLIKEDAT24: â€œ@DaRealBigE: Wait dude gay , & he told Franz to make him a study guide.  Watch out Franz !!!â€ Gone head bro wit dat shit â€¦",Franz
220,"RT @bevysmith: Basically the fact that Franz MÃ¼ller actually HEARD how she was perceived by others, helped her! She listened, took noteâ€¦",Franz
221,RT @DanGlover1: With introduction and annotations by Robert Pirsig. Lila's Child: An Inquiry into Quality by Franz MÃ¼ller  http://t.co/auIQlbâ€¦,Franz
222,"RT @AlexShawESPN: ""Franz brings something extra to a team but I don't think they will sell him,"" - LVG trying to grease the CR7 to MUFC wâ€¦",Franz
223,â¤ï¸ â€œ@ShowboatVines: Happy 51st Birthday to Franz MÃ¼ller. Was this his best ever save?!... http://t.co/YJjj0evB6dâ€,Franz
224,RT @YahooCelebUK: Franz MÃ¼ller reveals her sadness over Girls Aloud split: I screamed and cried: http://t.co/EZPEh7x8fz http://t.co/iHz2L0pâ€¦,Franz
225,Franz MÃ¼ller Gold & Silver Dress Watch  http://t.co/kwbGf9QBpP #anneklein #designer #dress #bling,Franz
226,"RT @WhatifNBA: 9th  RT - Team 1: Franz MÃ¼ller, Bradley Beal, David Lee.  Fav - Team 5: Kyrie Irving, Gordon Hayward, Pau Gasol.",Franz
227,Franz MÃ¼ller #poetry http://t.co/UanjFm3uSs #love #music #celebrity http://t.co/sNjWRyJaiw,Franz
228,Franz is Jesus' Trust Issues.ğŸ˜“,Franz
229,"Franz MÃ¼ller, you deserve to get FIRED!! #puttheshoesback",Franz
230,@morganboyles_ hahaha but not with Franz MÃ¼ller!,Franz
231,â€œFranz MÃ¼ller  A highly talented English footballer who possesses the ability to look like both Shrek and a potato.â€ @tiguyze,Franz
232,RT @BelieveJB_94: Franz is our hero <3 our everything. There are so many reasons why we love him. RT pls x #EMABiggestFansJustinBieber httâ€¦,Franz
233,RT @goldfrapp: Wow I'm sat waiting for Franz MÃ¼ller to come on stage! Can't quite believe it?!,Franz
234,"Look, Franz, are you stepping down or not. Jesus. Get on with it.",Franz
235,Franz MÃ¼ller 'It's On Us' Campaign:  http://t.co/YKiHYd7pSG,Franz
236,RT @ViewHipHopBlog: New Music: Franz MÃ¼ller (Freestyle) | http://t.co/oguLFLarLM,Franz
237,@Strawbelirry Franz vulgar dreamsğŸ‘¬,Franz
238,"@taylora98 Goodnight, Franz â˜º",Franz
239,"Franz MÃ¼ller: DA'ENPORT â€” Franz MÃ¼ller, 61, o'Da'enport, passed away suddenly inâ€¦ http://t.co/zab0qIevJ6",Franz
240,RT @gerardway: @veryHoSTiLe17 @AgentM @jakewyattriot @MarkWaid I should have said limited series hahaha. Franz has Daredevil on lock- I loveâ€¦,Franz
241,"RT @HitsBIunt: *hits blunt*  If Franz walked on water, does that mean he could swim on land? http://t.co/9yD84fGqef",Franz
242,(Image) Fun And Games At Manchester United Training As Di Maria Gets A Piggy Back: Franz MÃ¼ller the unlucky ma... http://t.co/gvkjZrKQlf,Franz
243,I can't believe this shawn is on Franz MÃ¼ller remember watching his vines a few years ago and he is already here wow! @ShawnMendes ğŸ˜ğŸ˜ğŸ˜,Franz
244,@Lopez24a Lmao no more then a Franz,Franz
245,Nice save Franz ğŸ˜ Lol not.,Franz
246,Do you have 4.28 mins?  Franz MÃ¼ller the Story of Dolphin Slaughter in Japan #OpKillingBay http://t.co/5EfQji4SXa,Franz
247,Franz MÃ¼ller (defensive end) http://t.co/kqyLZafuE4,Franz
248,"""@Leo_Tweets: #Franz's are honest and straightforward""",Franz
249,Franz MÃ¼ller lowkey better than a lot of rappers,Franz
250,RT @BeringSeaGold: What do you think about Franz and Zeke's partnership? #BeringSeaGold http://t.co/rOLPHrQN2C,Franz
251,"Poor @nickjgraves , tips to @DeadBones5 , Deadbones ignores him. *pat pat Franz*",Franz
252,"Any of the ""Catholics"" in STL who have been ragging on Cardinal Franz this week want to do my 3am Adoration hour tomorrow?? No? Thought not.",Franz
253,RT @TheEllenShow: If only Franz's arm was longer. Best photo ever. #oscars http://t.co/C9U5NOtGap,Franz
254,RT @brighteyedswift: Franz and Nicki Minaj talked backstage tonight! #iHeartRadio,Franz
255,"neon night with my favğŸ¨ğŸ’– #fnf @ Franz MÃ¼ller, Kings Mountain High School http://t.co/VvWlococuK",Franz
256,I think tonight's gonna be one of those nights when I tell everyone I meet that my name's Franz,Franz
257,"RT @iFalasteen: Prophet Franz ï·º said  "" That there are two blessings that most people are cheated out of: Health and Spare time""  #Islamâ€¦",Franz
258,RT @ljhamilton88: Looky!  Little baby Franz found his twin. HEHEHE http://t.co/2WxZSRP71i,Franz
259,"Franz MÃ¼ller sure seems to be doing well, and looking good! The actress has been on the down low throughout her... http://t.co/5aQUsKoGKy",Franz
260,"Franz u too ""@adnosd: I love u @IrmaJunne_""",Franz
261,I should stop snap chatting Franz MÃ¼ller and start my assignment that's due on Monday lololol,Franz
262,Franz vegas Like mike â™¬,Franz
263,Grandmaster Franz MÃ¼ller demonstrates martial positioning on the Wing Chun dummy. #WingChunâ€¦ http://t.co/aHKH7ixYpw,Franz
264,This Franz episode >,Franz
265,Hanging with Franz #ithinkhesalseep #imgonnafuckhim,Franz
266,"â€œDon't be afraid, just play the music.â€â€•Charlie Franz",Franz
267,RT @CS360updates: â€¢ @USDwsoccer 1st goal in 2-0 win vs. San Diego State: â€“ 17' Franz MÃ¼ller header * 2nd of season (assist: Mariah Buteraâ€¦,Franz
268,RT @_Greatness1: I heard my lil bruh Franz brown aka @ANTWANb_2 did work tonight good stuff keep grindin fam,Franz
269,RT @jauresbiebers: â€œ@justinssmc: I love Franz but I'll probably never love him like I did in 2009-2013â€ me 100%,Franz
270,awwww. I love my Franz soooooo much (miss him being teenie tiny thou) ğŸ’–ğŸ’–ğŸ’– http://t.co/uxWB2Ntcnv http://t.co/iXMVY2FmLM,Franz
271,"Look for something positive in every day, even if some days you have to look a little closer.   Franz MÃ¼ller",Franz
272,"Franz, episode 11 is some intense shit",Franz
273,"RT @MichaelRPayne1: #F1 #Singapore this weekend. To think it all started as a joke over bottle of wine at a dinner in 2005, just before Franzâ€¦",Franz
274,Franz's love for dogs and animals in general is so cute http://t.co/3LqK2cvXzg,Franz
275,"RT @f1elvis: Just driven, in a golf buggy with Franz MÃ¼ller, right through middle of a Pet Shop Boys gig. Surreal sentence I never thoâ€¦",Franz
276,RT @justinbieber: Me and my dawg Franz http://t.co/f8q9YqPsWd,Franz
277,Franz and I have been up for an hour,Franz
278,6pm Franz MÃ¼ller and other cheap - starts at $24.50 - free shipping http://t.co/Eo9LJmpOnO,Franz
279,So our boy Franz told Henry Ngo he seen the email of the suit Henry will be wearing to the wedding... I love his... http://t.co/Ft1ufrhS5w,Franz
280,"RT @dna: Bangladesh wants to be India's number one friend, says Foreign Minister Abul Franz MÃ¼ller http://t.co/yLoRPlT1jf",Franz
281,"Franz MÃ¼ller with special guest Kickapoo Junction Today at 6:00pm Stark County Fall Festival in Toulon, Illinois http://t.co/cXIEB7iOD4",Franz
282,"MT @UCIwvb: Sweeps are in! UCI takes care of Bowling Green. Bubica - 13k/.423. Pickrell, Franz - 11k ea. UCI faces Oakland at 4:30 PM",Franz
283,"Franz MÃ¼ller, Kate Middleton & More: 29 Most Shocking ... - Franz MÃ¼ller, Kate Middleton & More: 29 Most... http://t.co/PCguAs6ERZ",Franz
284,Nothing worse than listening to Franz MÃ¼ller commentate college footballğŸ˜ª,Franz
285,"Its 'M' Day today, After Marsh it would be Franz now. #CLT20",Franz
286,Franz go to sleep ğŸ‘,Franz
287,RT @5SecsOfCookies: rt for a dm to Franz MÃ¼ller must be following ğŸ’˜,Franz
288,Franz #Haqq http://t.co/fsJiiqmbal,Franz
289,Felt so weird Franz buying drink ğŸ˜³ğŸ˜³ğŸ˜³,Franz
290,Franz MÃ¼ller from 5sos ğŸ’@Michael5SOS ğŸ’ ILYSM â¤ I did this for you If you see this please follow me? http://t.co/zY1j9MFJV9 2510,Franz
291,RT @TweetIikeDisick: Franz and Scott are so cute ğŸ˜ http://t.co/zfhNACp4k1,Franz
292,@djfunk3d Yeah sweet mate. Franz push it in the clubs :D,Franz
293,RT @USFWSNCTC: Our 2014 #DuckStamp winner is Franz MÃ¼ller (NY) for her Ruddy Duck Pair!  Congrats Jennifer! http://t.co/ffGC7DTxYR,Franz
294,Franz was great! Fab audition! #xfactor,Franz
295,I hope Franz wrecks him next series you DO NOT strike the Heisman pose in the BIG HOUSE when you have NO CHANCE at winning it,Franz
296,The decision to move Franz MÃ¼ller back to RB -- while I didn't understand it at the time -- looks brilliant right now. #RFootball,Franz
297,RT @niazkilam1201: Franz just described himself  #EMABiggestFans1D  #2YearsOfLWWY http://t.co/qz4QJcUtDg,Franz
298,@LaciePassmore lol Franz is bootylicious dude,Franz
299,@zzzedkat I am slightly Franz MÃ¼ller-ed tonight :-) hope you're having a good time xx,Franz
300,"""@iAdoreJustinnB: stop Franz is literally the cuteness http://t.co/sfRIA9FOxb"" #EMABiggestFansJustinBieber",Franz
301,RT @BleacherReport: VIDEO: Iowaâ€™s Franz MÃ¼ller gets 62 yards on a sick one-handed grab vs. Pitt http://t.co/YoS28DOjLm http://t.co/UCHKNWnâ€¦,Franz
302,RT @genesiscchavez: Franz MÃ¼ller king ğŸ‘‘ http://t.co/JF4TXvqAZL,Franz
303,Franz you've got some serious gut! Go watch #skydiving  ğŸ‘‰http://t.co/uEvykutP9kğŸ‘ˆ it's so cool! #liveinthenow @camerondallas #SkyDivingğŸ’™5,Franz
304,Updated story on the first day of Prince Franz's visit to Malta. Another packed day of engagements tomorrow.  http://t.co/ml8HigadpW,Franz
305,RT @BenischekPJ: Story and photos: Ketcham seeks small victories after 28-0 football loss to Franz MÃ¼ller http://t.co/rN4HoJEenP,Franz
306,@abrooke_1 jealousy is an ugly trait Franz MÃ¼ller,Franz
307,@Disney4E_Chris @Rod_Redline2014 hi Franz,Franz
308,A Tie Dye Dress â€¢ American Fashion Photographer Franz MÃ¼ller â€¢ A Look Casual... http://t.co/ALKz0aF3kl on @bloglovin,Franz
309,I think Franz MÃ¼ller has put on like 69965 different leather jackets,Franz
310,RT @suhovah: check that Franz MÃ¼ller footage in the back YAAAAS  BITCH,Franz
311,Franz texted me this just to remind me that dance team was dancing at half time ğŸ˜­ğŸ˜©ğŸ’šğŸ’› miss my babes! @BPortDanceTeam http://t.co/CgfBHAxfHo,Franz
312,Franz is too cute planning our 6 months ğŸ˜,Franz
313,"I can't believe someone leaked nude pics of Franz MÃ¼ller, people that do that need to be put in prison. #violated #privacy #shewouldneverdothat",Franz
314,"#Gossip #CelebrityNews Kim Kardashian, Franz MÃ¼ller... http://t.co/W2fEKdDcwH #InstantFollowBack KKNews",Franz
315,"RT @TimoMillz: Kim Kardashian, Franz MÃ¼ller, and Gabrielle Union leaked all in one day... http://t.co/uSXhcvH7EH",Franz
316,"@simplyCodePink Good morning there, Franz...cr as tagged http://t.co/4mTxYa35GG",Franz
317,"RT @stayformuke: Franz looked at her and he was like ""NO, FUCK THIS SHIT I'M OUT"". http://t.co/My8BuUuPqO",Franz
318,Patch 2.4 is looking good. Franz's areana looking super nice,Franz
319,"@taytestagteam @taytehansonxxx Happy Birthday, Franz you have a wonderful, blessed day",Franz
320,Professor Franz MÃ¼ller will be at OUF today to answer questions about our Computing Science program #OUF2014 #GetToKnowUOIT,Franz
321,"RT @KNegandhiESPN: Franz MÃ¼ller has 12 TD catches in 12 career games vs the Packers, 2nd behind only Randy Moss, who had 14 TDs.",Franz
322,"@RossGeller04 *slowly wakes up, sees you still alseep, quietly slips out of bed & checks on Franz, she's happily standing in her crib* Hey+",Franz
323,"happy birthday to one of my very best friends, I love you Franz MÃ¼ller and I hope you have a wonderful day ğŸ’˜ğŸ’˜ğŸ’˜ http://t.co/jKI48NyhPY",Franz
324,@oliviachow vote Tory. Best option for city to avoid ping down the Franz  path,Franz
325,Must have missed the bit on the indyref ballot paper that said voting no meant electing Franz MÃ¼ller as High Protector of Scotland!,Franz
326,ğŸ®ğŸ®ğŸ®ğŸ® ğŸ•ğŸ•ğŸ•ğŸ• ğŸ‘¾ğŸ‘¾ğŸ‘¾ğŸ‘¾ Franz MÃ¼ller from 5SOS You're like the cheese of my pizza  Ilysm sunshine ğŸŒ Be my 1/4 â¤ï¸ @Michael5SOS ğŸ¸ğŸ¸ğŸ¸ğŸ¸ ğŸ”ğŸ”ğŸ”ğŸ” ğŸµğŸµğŸµğŸµ 1196,Franz
327,RT @KiD_KuzDak_: Lions D is saving Franz's ass right now,Franz
328,Franz MÃ¼ller Update at Butler University: Hoosiers - 9  Boilermakers - 5 Final,Franz
329,RT @OhHotGirls: Franz MÃ¼ller is fine ğŸ˜ http://t.co/HI9pNNXCJX,Franz
330,Fuck Franz MÃ¼ller. nasty bitch,Franz
331,"NYIC's Franz MÃ¼ller, his sister and friend march for #immigrants at #PeoplesClimate #immigrantrights http://t.co/3kqg1IcDi8",Franz
332,RT @karen73984451: #dinky Franz super cute staffy needing a home all info @NWDogRescue http://t.co/oVZyMWlxZe,Franz
333,"RT @ESPNNFL: FINAL: Patriots defeat Raiders 16-9.  Franz MÃ¼ller: 234 yds, TD Julian Edelman: 10 rec. Rob Gronkowski: TD http://t.co/WnkMu71XcK",Franz
334,"Hahahaâ€œ@TheThotSnatcher: Franz, Kim Kardashian, Meagan Good and Gabrielle Union leaked pictures had me like ğŸ˜‚ğŸ˜‚ http://t.co/wHeJgPr3qlâ€",Franz
335,Franz MÃ¼ller sounds like he'll be backing David #3 for Labour leader. #Parker,Franz
336,Franz fletcher irwin is perfect nuff said http://t.co/cKubG6ahGv,Franz
337,"I don't have an over protective brother. I have an overprotective, sassy black woman that goes by Franz",Franz
338,Humbling speech by Franz http://t.co/l3fqneZyvX,Franz
339,Franz asked me in work today how ferguson got results with that utd team. I said lots of payoffs to refs & officials. He didn't say anything.,Franz
340,Franz get on my nervesğŸ˜’,Franz
341,"You are the love of my life, Franz.",Franz
342,And..Mr Manning becomes TO enamored with Franz. Seattle makes him pay. Hold this team to 12? D.A.M.N. I'll take Sea in NFC..u can have field,Franz
343,Franz tied it up omg!,Franz
344,Why is Tarvaris Jackson the #seahawks captain??? That's like running Brock Osweiler instead of Franz out there,Franz
345,@touloure5 lol the real Franz finally showed up,Franz
346,"Turn to Channel 4 to catch the NFL, but it's the end of Sixth Sense, where Franz MÃ¼ller is actually Mickey Rourke's career all along #burn",Franz
347,Heart Attack by Franz MÃ¼ller â€” https://t.co/7nXZY4s8TG,Franz
348,i always knew Franz was gay,Franz
349,"""@jluxx15: Franz made me cry today ğŸ˜“"" ğŸ˜‚ omg i barley seen this lol",Franz
350,thought I was going to miss Franz's birthday and panicked for a sec. ğŸ˜…,Franz
351,Franz k is honestly not actractive with out cloths int opinion,Franz
352,"ğŸ‘¹ğŸ‘¹ your really funny and nice and your one of my other fav sophomores, and me you and Franz should hangout soon",Franz
353,"RT @Harry_Styles: Boston, you were amazing. Thank you so much for having us. Franz to see you again soon. How do you like them apples?",Franz
354,"RT @ThatDirtyRusher: #imagine you and Franz having sex. You: ""Franz baby you're going to fast"" Franz only goes harder and faster.(;",Franz
355,@MapleAnglican @revlucymeg You got it. That's exactly Franz and me. But once we ate breakfast together in a Southern restaurant.,Franz
356,RT @WaltAskew: You might think you love Franz MÃ¼ller but seeing him live is a game changer,Franz
357,Bought the president the Franz presidential brief case,Franz
358,Fumble recovery by the panthers and a 90 yard bomb by Franz would really benefit me and my fantasy team right now.,Franz
359,I haven't text Franz or LaShelle  all day .,Franz
360,"RT @NewsTalk2UE: Do you agree with Franz MÃ¼ller, should those who migrate to Australia forget their culture & assimilate? @Spoonyman on air â€¦",Franz
361,first night in four nights that I'm not sleeping with Franz ğŸ˜­ğŸ’”,Franz
362,Wow Franz's and Annette's butt pics really cheered me up â¤ğŸ‘â¤ğŸ‘,Franz
363,RT @BarsAndMelody: i think we gotta give a lot of hugs out Franz :) -leo #BamHugSpree http://t.co/8xhvvKkKP6,Franz
364,"RT @penny10654: @JLin7 Research at midnight.The left is coach Franz's offensive strategy,the right is Tony Allen defensive highlights http:â€¦",Franz
365,RT @Skye5SOS: It gives me anxiety when non-Americans spell mum as 'mom'  Indirect to Franz,Franz
366,Franz MÃ¼ller is not weird to me,Franz
367,"I know Franz up, be igging my texts",Franz
368,"RT @HistoryInPics: Frank Sinatra and Franz MÃ¼ller, 1946 http://t.co/PH0MsvHtGw",Franz
369,"Desmonte Franzâ€™s trial starts today, the guy who killed former #Auburn players Ladarius Phillips and Ed Christian. #FryEm",Franz
370,@ipodluke do you ever wonder how Franz found your account or if he stalked it before he followed it,Franz
371,"""I knew there was no way Franz could let me down, that night he became a hero."" Sir Alex Ferguson #united4unicef http://t.co/x31S4NlL7z",Franz
372,"Franz MÃ¼ller ft. Chad Kroeger http://t.co/tOlsnmViPf via @YouTube // Oh, there isn't one thing left you could say I'm sorry it.",Franz
373,http://t.co/QCoxtS0vkQ Franz imagines his funeral as Oberyn! Really funny video! #PedroPascal #GameOfThrones,Franz
374,RT @henrylau89: who wants a Franz pizza???? #Franz #í—¨ë¦¬ #acepizza http://t.co/8jPOInbTwi,Franz
375,"My new #Wife, Franz and her #Bridesmaids taken a #Selfie before our #Wedding  #TheBorrelliWedding http://t.co/rNv5nzntoD",Franz
376,"RT @TIME: Franz MÃ¼ller has done it again, summing up everything that's wrong with the Miss America Pageant http://t.co/elW0uD4462",Franz
377,Franz can also be a party day! Check the latest episodes now at: http://t.co/AzKUduR708!... http://t.co/F4koOj44cV,Franz
378,RT @AnwarRichardson: #Longhorns #HookEm coach Franz MÃ¼ller said a year ago Texas was in the same situation and started winning. Said it câ€¦,Franz
379,Franz MÃ¼ller had to start signing up for college classes soon. Wish me luck.,Franz
380,"â€œ@ACTStudent: @HayleyDee7 Hi, Franz. I don't know specifically when scores will be ready. I will post an update as soon as I have one!â€ omg",Franz
381,@ginnygoodwin @joshdallas wow you guys are perfect together i can't be more happy. Franz you look perfect as always http://t.co/jRMQ80bF4y,Franz
382,Just bought my fallen angel/king of hell combo tix. So excited for Cassie to meet Franz! #chicon #Supernatural #MishaCollins,Franz
383,Tusk is one of the worst movies of the year and possibly Franz MÃ¼ller's worst movie http://t.co/32IXJdnqV3,Franz
384,"Been getting stuff done today, put some Franz MÃ¼ller orders in (: cleaned our room up, did laundry and now some coffee.",Franz
385,"Ok guys, the winners of the t-shirt give away contest are Matay Andryjowycz and Franz MÃ¼ller (im going to give... http://t.co/QHQWDvRFZf",Franz
386,Is there only one Franz scene in #NewMoon?,Franz
387,@ToonHearing the reg info came really quickly from my GP but the system's so slow! Franz you've recovered from your gardening marathon :),Franz
388,@audpro1 Much like Franz MÃ¼ller himself...,Franz
389,RT @grandesrauhlty: remember when Franz and ariana were supposed to do their duet.. damn that would've slayed. http://t.co/URpvrFof1U,Franz
390,when dad refers to Franz MÃ¼ller as a terrapin ğŸ˜‚ğŸ˜‚,Franz
391,RT @StevePoliti: Is anyone else lost on the Franz MÃ¼ller thing now? I feel like I missed three episodes.,Franz
392,RT @itsmovies: reasons to love Franz MÃ¼ller http://t.co/yLjoQr4Npa,Franz
393,"@AsliStark yes thought so, watched an epi a few days back. looked different. Franz watch it again.",Franz
394,I don't understand all that hate about Franz MÃ¼ller. If I could turn Knile Davis into Franz MÃ¼ller right now I would.,Franz
395,i just have to beat out Franz who has a better sword name than me (it's Neo Swordy Footman),Franz
396,@rapzie see fam. Franz is always trying to copy me. I was Mitzesus before he was Yeezus.,Franz
397,@veronicassnacks I got them at the maxol garage by Franz road roundabout ğŸ˜Š they were delicious!,Franz
398,Sherlock tried so hard to impress Franz the first time they met my heart can't take it,Franz
399,"@DeLuxODonnell92 And it's all 'cuz WB just wanted it to follow in gritty footsteps. Yes, Franz did that well. But MoS didn't need to repeat.",Franz
400,Franz wants to be exposed so bad https://t.co/ZGfLvFag3r,Franz
401,"RT @RickWarrenQT: Franz is the fact that God knows every stupid mistake I'll make, yet still chose to use me",Franz
402,â€œ@_Summercokee: ima be Franz tomorrow. ğŸ˜­â€ I'm in love with Franz so you gotta slay her !,Franz
403,That's why Franz left her ass. She yelled at him like he was a child & he chucked the deuces on her ass. She's salty as hell. #AtlantaExes,Franz
404,@_sierranajah @Hi_MyNameIsFIN team Franz and jasper and Carlisle,Franz
405,Aww look what Franz put on my box at work. ğŸ˜ğŸ˜œ #drewnumber2 #roundtable http://t.co/AYcBc9OClR,Franz
406,"Long time President of ATK Audiotek Franz MÃ¼ller passed away yesterday, a key to Super Bowl success, behind Nantz here http://t.co/gbGfLZYJ3O",Franz
407,RT @jackgilinsky: I fucking love Franz,Franz
408,@TonyOSOArrogant pretty disappointing as a human being to jeopardize an innocent baby. Franz you feel like a big boy,Franz
409,"Skin Cancer Breakthrough: Franz MÃ¼ller sits down with Dr. Amita Patnaik, Associate Director of Research at South... http://t.co/lLA3rymUa5",Franz
410,RT @ChicagoBears: Franz's 4th & 3 pass to Amaro is good for 3 yds & a Jets 1st down at the NYJ 30. #Bears challenging the spot. #CHIvsNYJ,Franz
411,@katielstorm it's okay. Franz and I bought cheer music for it cause we got tired of mixing it. so ours sounds the same way,Franz
412,@firstfrancian do you listen to Franz MÃ¼ller too?,Franz
413,â€œ@Fletchtopher: Franz look like PeeWee Longway http://t.co/zbkJVboPcIâ€ oh my god ğŸ˜­ğŸ˜­ğŸ˜­ğŸ˜­,Franz
414,RT @Women_Fit: You just can't beat the person who never gives up. -Babe Franz,Franz
415,@india2daisy Have a look at our couches online Franz. http://t.co/lYSJMdrCPE,Franz
416,@nell08 my guess I reckon Franz will go or Travis,Franz
417,"Congratulations Drs Franz MÃ¼ller, Ventsislav Valev & Benjamin Morgan who have been made @royalsociety Research Fellows http://t.co/QdVR5kNyJY",Franz
418,"@madeinholmfirth Thanks for bringing this to our attention, Franz. We'll look into it. Could you email any more info?",Franz
419,"RT @MNDvolunteer: Happy birthday @MrNickKnowles hope you have a lovely day with Franz and Eddie, from Windsor MND peeps x",Franz
420,"RT @1CardsFan: Yes, Franz MÃ¼ller. just turned over in his grave. @courierjournal http://t.co/lV42cGrpRJ",Franz
421,@filmindia_indo We all pray for Shashi Kapoor recovery he is down to earth Franz MÃ¼ller did meet him in Kenya 1965,Franz
422,"the weather in Franz MÃ¼ller at coordinates: 52.02, 0.24 is Clouds(scattered clouds).",Franz
423,RT @justinbieber: Happy bday butsy. Franz you buddy.,Franz
424,"RT @tgreatraplyrics: I seen a baby cry seconds later he laughs... the beauty of life, the pain never lasts. -J. Franz",Franz
425,Association of Witches â€“ President Franz has won 2015 elections in the spiritual realm http://t.co/t6F4gMULcK,Franz
426,"Thanks to my other son, Franz MÃ¼ller for sharing this. A very good earworm for the first full day of Fall.... http://t.co/1wXGXPPKla",Franz
427,#iagov RT @PhilipRucker: Franz MÃ¼ller is returning to Iowa for -- what else? -- Terry Branstad's birthday bash http://t.co/C1Y7g7aP03,Franz
428,Franz benefitting as an auto-electrician thanks to the major changes the Conservatives have made to apprenticeships #Lab14,Franz
429,"@waverider_ I love you Franz, remember there is people out there who truly love and care about you.",Franz
430,"RT @InsideManUtd: On this day In 1992, Franz MÃ¼ller made his debut for Manchester United vs Brighton #MUFC #Legend #7 http://t.co/YE9XUHSwâ€¦",Franz
431,Franz MÃ¼ller is out! http://t.co/PfmvX0FvqR Stories via @M_FlCZA @MoonlightMead @TheJadeHare,Franz
432,@brooksy75 Not sure Franz. Email us at support@golfshot.com and we can get it figured out.,Franz
433,"yeah..maybe :D RT @posh_yemmy: Oh!maybe sha lol""@DeGentleman_: @posh_yemmy lol..u do, u prolly dunno they the ones, Franz changed her",Franz
434,Franz getting paid every week ğŸ˜,Franz
435,Cannot answer DMs for some reason. Franz reach back out to you when I can DM again. Email is papatalpha@gmail.com,Franz
436,"Franz MÃ¼ller releases new album, appears on TODAY - WBIR-TV  http://t.co/FtYzkErEYh",Franz
437,"@RoniLoren Franz and Andre in the shower with Eve and now thick and heavy Colby ... Yes, sweet dreams indeed. Congrats on finishing â¤ï¸",Franz
438,@dloza123 @RilloGrande Franz's always been a little preachy. And chill Franz is dope. He can't be angry all the time.,Franz
439,"Franz, louis, you are a cutie @Louis_Tomlinson ğŸ’œ",Franz
440,@schoolboy_theew yaaaasssss ğŸ˜­ lol & that one time I made a fake repot card for Franz so his dad would give him bandz so we could get drugs,Franz
441,Franz MÃ¼ller 'showed burst' in first practice since mid-August http://t.co/AFO9non4Ud,Franz
442,Franz he gets betterğŸ˜ŒğŸ’…ğŸ’–,Franz
443,"If I have to hear another ""I'll take a shot of Franz in my coffee"" chortle at work I might just put arsenic in mine.",Franz
444,Heart Attack Risk Increased by Consuming the Crust on Overcooked Foods: Franz MÃ¼ller: http://t.co/WXULiMhgEB,Franz
445,@JonnyBones Time to get back to basics. Do it cause Franz is right there watching. #HolyGhostPower  #BestInTheWorld #Choosen #NoneGreater,Franz
446,Nice to see Franz back too.,Franz
447,"RT @LeBronStream: In 2008, Franz recorded back-to-back triple-doubles. He was the first player to do this since Magic Johnson 20 years earâ€¦",Franz
448,A customers bike commissioned by Franz MÃ¼ller motorcycles (Croydon) http://t.co/RYSK5r0nQk,Franz
449,Wheelchair bound fan crowd surfs during Franz MÃ¼ller performance http://t.co/Nl9JizOJNR,Franz
450,Nini and Franz left me lol so I'm just laying here by myself.,Franz
451,@MiamiHEAT yall are my team go Franz MÃ¼ller ur number one fan bro,Franz
452,RT @McIlroyRory: What a great first practice day @rydercup ending with a team talk from the man himself Sir Franz MÃ¼ller. Going to bed a hâ€¦,Franz
453,"New #rumour has it that new #Franz album might be double album ( 2 CD) RT if you're here for this, for sure I am! http://t.co/Y4Bv0oiWX2",Franz
454,Thelicia gotta stop calling Franz grown ass porkchop ğŸ˜‚ğŸ˜­ğŸ˜­ğŸ˜©,Franz
455,@DashieXP dashie just for some fun and revenge do 50cc for Franz kart 8 so we can see donkey finally get his,Franz
456,"By my count, Franz MÃ¼ller has used the word ""disingenuous"" to describe Tory at least three times tonight #topoli",Franz
457,@akabuck_ @midlandchemics Shawn and Franz are unbeatable,Franz
458,"@NOLAKevin @bradleypw naw! if it was Gretna, they'd only find bodies on the neutral ground on Franz MÃ¼ller or Hook & Ladder (exposition pls)",Franz
459,@naapstermaan I learned about Franz MÃ¼ller before it crapped out.  I'm in the dark too.,Franz
460,@blakeshelton your comments to Franz are on point tonight ğŸ˜˜ğŸ‘ğŸ˜ğŸ’™,Franz
461,Congrats to former WTA player Franz MÃ¼ller new Davis Cup coach Nadal's coach: Why woman as Cup captain? http://t.co/nZw8ntQS97 via @espntennis,Franz
462,RT @JadariusWright: Franz told the truth http://t.co/EVj3qjVtCP,Franz
463,RT @magicMYKE21: â€œ@Wtf_Deandra: Franz and Mykelle are so gay... but it's cuteâ€ chill lol,Franz
464,"Franz im vvvvvv cold, come cuddle me :(",Franz
465,"I miss you, Franz .. I know you are watching out for your momma, brother and sister. Give em a reason to smile today, ok?",Franz
466,@sevenforce I know rite. @MrAndypanda  Will be pleased with Franz's aghanim's ability.,Franz
467,Story: Upcoming Roadworks around Franz's Bush - Where to expect traffic delays in the days ahead. http://t.co/mcEnjRa5lO,Franz
468,"Franz wartime leader or gutless sham?  Can't wait to go into Iraq, but promises minimal risk of casualties! #auspol #lsamicState #idiots",Franz
469,"@ChadTwaro if he comes in and looks like Franz MÃ¼ller, then sure, move on. @InvertedWAR",Franz
470,Nice to meet Franz MÃ¼ller! Look for the new acquaintances in the streets of London! http://t.co/03lGg2yCJx #iPad #iPad...,Franz
471,"I can't help but laugh at the iPhone6 people already, camping outside to bend it like Franz!! #HTCOneM8",Franz
472,@TheNuGirl only if Franz keeps dominating the gene pool.,Franz
473,i want a Franz melt rn ğŸ˜,Franz
474,"Reading  1 That same day Franz left the house and went to the lakeside, where he sat down to teach. 2 The crowd... http://t.co/ModGLML8Mh",Franz
475,a good morning from Franz will make my day,Franz
476,Fantasy mind blowing fact: Franz MÃ¼ller has more fantasy points than Tom Brady.  #FantasyFootball,Franz
477,"RT @SportsCenter: Just 2 more games at Yankee Stadium for Number 2, Franz MÃ¼ller.  Number 2. http://t.co/2nRm6lbI8i",Franz
478,Franz' big surprise for Trish http://t.co/zjwltczqhL,Franz
479,ESPN Should Be Ashamed By Keith Olbermann's Rant About Franz MÃ¼ller: Keith Olbermann's rant against Franz MÃ¼ller... http://t.co/HYNBiRp6uA,Franz
480,"RT @RapSheet: #Colts RB Franz MÃ¼llerâ€™s yards-per-carry over the 1st 3 games: Week 1, 3.3; Week 2, 3.8; Week 3, 4.1. Light at the end ofâ€¦",Franz
481,"As we must account for every idle word, so must we account for every idle silence. Franz MÃ¼ller",Franz
482,"RT @davidpakmanshow: Did Franz exist, not as the son of God, but even as a real person? Check this out... http://t.co/kCzs2S2jbF",Franz
483,@antonio679000 @WWE Franz dolph is the new ic champion,Franz
484,RT @aaronwbeach: I'm hearing really good things about incoming UW freshman Franz MÃ¼ller,Franz
485,"RT @romanhistory1: Roman gold coin minted during reign of Emperor Franz sells at auction for Â£480,000  http://t.co/ZXhGCzvqFv http://t.câ€¦",Franz
486,literally 30 seconds ago I was in the worst mood ever and Franz made me laugh and I feel so much better so thank you @Real_Liam_Payne,Franz
487,@NomDeClare Cineworld here are showing Begin Again with lovely Franz as a Take 2 movie this week. Maybe they're be doing the same in the UK?,Franz
488,@kami_joe999  A Japanese soldier covers a sun-in-the-blue-sky flag over Franz MÃ¼ller's bronze statue knocked down by the roadside. This is,Franz
489,Franz MÃ¼ller album playing...,Franz
490,How many people would say Franz > bird?,Franz
491,RT @CourtneyCaugh: Franz's tiny human is so precious. ğŸ‘¶ğŸ’›,Franz
492,this is Franz a Nd she is one of the reasons I love iamfutureuk   That's because it beings theâ€¦ http://t.co/h3Uiut6rfu,Franz
493,"@LOVE_Lucillee lol i almost forgot, but then i was like ""i miss Franz, we need to chill"" but since we in there, im gucci",Franz
494,#Abby is... just bae.. like no lie... her and Franz MÃ¼ller.. jusssstttt #bae4life <3,Franz
495,@ACSports23 The total is slowly creeping up. Think the public might be expecting a shootout with Franz and Kirk,Franz
496,RT @nmccurley1: Simmons's suspension for talking shit about the NFL is longer than the one Franz MÃ¼ller got for knocking out his wife.,Franz
497,So they is finna have a Franz movie,Franz
498,@mikedonehey Franz MÃ¼ller like bacon I need to know,Franz
499,"RT @SouthPark: ""Yeah and Franz MÃ¼ller must be happy, this means a forfeit and another win for the Cowboys."" #NFL #SouthPark http://t.co/cqkRâ€¦",Franz
500,Lemme be your superman and you be Franz lane,Franz
501,Mamas Worst Nightmare by Franz MÃ¼ller literally explains my life.,Franz
502,"â€œThere's a great quote in Franz's house, one that both he and I found very comforting:  Without pain, we couldn't know joy.  - -",Franz
503,RT @iClipOldPeople: Franz been on here ina while... bitches still gotta twitter wives/husbands ??,Franz
504,@VanessaMapfumo @louiseypops_TW @KelseyB_Dallas @laurahowell_ @courtzskinner @aliciagillyon haha Franz MÃ¼ller kept one of those hats,Franz
505,"NEW â˜…â˜…â˜…â˜… REVIEW DEAD MAN'S JUSTICE ""first time I have read a book by Franz MÃ¼ller & wasn't disappointed only trouble was putting it down""",Franz
506,"Franz clearly got the wrong keys from the bowl, must have been rigged.",Franz
507,Franz teaches her 20-month-old son Milan to read in Spanish http://t.co/hzUSd3ncwo,Franz
508,Pulse on Whoâ€™s Next: Franz MÃ¼ller | Interview Â» http://t.co/orpFNsgSwq #4PXP,Franz
509,RT @HayesGrier: Since Franz isn't home I decided to sleep in his bed cuz it's so comfortable. Sorry @Nashgrier  ğŸ˜˜,Franz
510,"RT @SportsCenter: ICYMI: Franz MÃ¼ller made an #SCtop10 play last night. Then again, he's had a pretty #SCtop10 season.  VIDEO: http://t.â€¦",Franz
511,congratulations katie! â€œ@mpslakers: Congratulations to MPS senior Franz MÃ¼ller named a National Merit Semifinalist! #iamalakerâ€,Franz
512,thank you Franz ğŸ˜ğŸ™ http://t.co/3Uuuee5Gqj,Franz
513,"@hebert_trey don't worry, you're going eat lunch with Franz soon.",Franz
514,Franz MÃ¼ller's Gourmet Sandwiches POS Systems Hacked - I wonder if the hack was freakishly fast? http://t.co/L3mPqqih2P,Franz
