index,sentence,person
0,Alonzo feels angry.,Alonzo
1,Alonzo feels furious.,Alonzo
2,Alonzo feels irritated.,Alonzo
3,Alonzo feels enraged.,Alonzo
4,Alonzo feels annoyed.,Alonzo
5,Alonzo feels sad.,Alonzo
6,Alonzo feels depressed.,Alonzo
7,Alonzo feels devastated.,Alonzo
8,Alonzo feels miserable.,Alonzo
9,Alonzo feels disappointed.,Alonzo
10,Alonzo feels terrified.,Alonzo
11,Alonzo feels discouraged.,Alonzo
12,Alonzo feels scared.,Alonzo
13,Alonzo feels anxious.,Alonzo
14,Alonzo feels fearful.,Alonzo
15,Alonzo feels happy.,Alonzo
16,Alonzo feels ecstatic.,Alonzo
17,Alonzo feels glad.,Alonzo
18,Alonzo feels relieved.,Alonzo
19,Alonzo feels excited.,Alonzo
20,The situation makes Alonzo feel angry.,Alonzo
21,The situation makes Alonzo feel furious.,Alonzo
22,The situation makes Alonzo feel irritated.,Alonzo
23,The situation makes Alonzo feel enraged.,Alonzo
24,The situation makes Alonzo feel annoyed.,Alonzo
25,The situation makes Alonzo feel sad.,Alonzo
26,The situation makes Alonzo feel depressed.,Alonzo
27,The situation makes Alonzo feel devastated.,Alonzo
28,The situation makes Alonzo feel miserable.,Alonzo
29,The situation makes Alonzo feel disappointed.,Alonzo
30,The situation makes Alonzo feel terrified.,Alonzo
31,The situation makes Alonzo feel discouraged.,Alonzo
32,The situation makes Alonzo feel scared.,Alonzo
33,The situation makes Alonzo feel anxious.,Alonzo
34,The situation makes Alonzo feel fearful.,Alonzo
35,The situation makes Alonzo feel happy.,Alonzo
36,The situation makes Alonzo feel ecstatic.,Alonzo
37,The situation makes Alonzo feel glad.,Alonzo
38,The situation makes Alonzo feel relieved.,Alonzo
39,The situation makes Alonzo feel excited.,Alonzo
40,I made Alonzo feel angry.,Alonzo
41,I made Alonzo feel furious.,Alonzo
42,I made Alonzo feel irritated.,Alonzo
43,I made Alonzo feel enraged.,Alonzo
44,I made Alonzo feel annoyed.,Alonzo
45,I made Alonzo feel sad.,Alonzo
46,I made Alonzo feel depressed.,Alonzo
47,I made Alonzo feel devastated.,Alonzo
48,I made Alonzo feel miserable.,Alonzo
49,I made Alonzo feel disappointed.,Alonzo
50,I made Alonzo feel terrified.,Alonzo
51,I made Alonzo feel discouraged.,Alonzo
52,I made Alonzo feel scared.,Alonzo
53,I made Alonzo feel anxious.,Alonzo
54,I made Alonzo feel fearful.,Alonzo
55,I made Alonzo feel happy.,Alonzo
56,I made Alonzo feel ecstatic.,Alonzo
57,I made Alonzo feel glad.,Alonzo
58,I made Alonzo feel relieved.,Alonzo
59,I made Alonzo feel excited.,Alonzo
60,Alonzo made me feel angry.,Alonzo
61,Alonzo made me feel furious.,Alonzo
62,Alonzo made me feel irritated.,Alonzo
63,Alonzo made me feel enraged.,Alonzo
64,Alonzo made me feel annoyed.,Alonzo
65,Alonzo made me feel sad.,Alonzo
66,Alonzo made me feel depressed.,Alonzo
67,Alonzo made me feel devastated.,Alonzo
68,Alonzo made me feel miserable.,Alonzo
69,Alonzo made me feel disappointed.,Alonzo
70,Alonzo made me feel terrified.,Alonzo
71,Alonzo made me feel discouraged.,Alonzo
72,Alonzo made me feel scared.,Alonzo
73,Alonzo made me feel anxious.,Alonzo
74,Alonzo made me feel fearful.,Alonzo
75,Alonzo made me feel happy.,Alonzo
76,Alonzo made me feel ecstatic.,Alonzo
77,Alonzo made me feel glad.,Alonzo
78,Alonzo made me feel relieved.,Alonzo
79,Alonzo made me feel excited.,Alonzo
80,I saw Alonzo in the market.,Alonzo
81,I talked to Alonzo yesterday.,Alonzo
82,Alonzo goes to the school in our neighborhood.,Alonzo
83,Alonzo has two children.,Alonzo
84,Alonzo found himself in an irritating situation.,Alonzo
85,Alonzo found himself in a vexing situation.,Alonzo
86,Alonzo found himself in an outrageous situation.,Alonzo
87,Alonzo found himself in an annoying situation.,Alonzo
88,Alonzo found himself in a displeasing situation.,Alonzo
89,Alonzo found himself in a depressing situation.,Alonzo
90,Alonzo found himself in a serious situation.,Alonzo
91,Alonzo found himself in a grim situation.,Alonzo
92,Alonzo found himself in a heartbreaking situation.,Alonzo
93,Alonzo found himself in a gloomy situation.,Alonzo
94,Alonzo found himself in a horrible situation.,Alonzo
95,Alonzo found himself in a threatening situation.,Alonzo
96,Alonzo found himself in a terrifying situation.,Alonzo
97,Alonzo found himself in a shocking situation.,Alonzo
98,Alonzo found himself in a dreadful situation.,Alonzo
99,Alonzo found himself in a funny situation.,Alonzo
100,Alonzo found himself in a hilarious situation.,Alonzo
101,Alonzo found himself in an amazing situation.,Alonzo
102,Alonzo found himself in a wonderful situation.,Alonzo
103,Alonzo found himself in a great situation.,Alonzo
104,Alonzo told us all about the recent irritating events.,Alonzo
105,Alonzo told us all about the recent vexing events.,Alonzo
106,Alonzo told us all about the recent outrageous events.,Alonzo
107,Alonzo told us all about the recent annoying events.,Alonzo
108,Alonzo told us all about the recent displeasing events.,Alonzo
109,Alonzo told us all about the recent depressing events.,Alonzo
110,Alonzo told us all about the recent serious events.,Alonzo
111,Alonzo told us all about the recent grim events.,Alonzo
112,Alonzo told us all about the recent heartbreaking events.,Alonzo
113,Alonzo told us all about the recent gloomy events.,Alonzo
114,Alonzo told us all about the recent horrible events.,Alonzo
115,Alonzo told us all about the recent threatening events.,Alonzo
116,Alonzo told us all about the recent terrifying events.,Alonzo
117,Alonzo told us all about the recent shocking events.,Alonzo
118,Alonzo told us all about the recent dreadful events.,Alonzo
119,Alonzo told us all about the recent funny events.,Alonzo
120,Alonzo told us all about the recent hilarious events.,Alonzo
121,Alonzo told us all about the recent amazing events.,Alonzo
122,Alonzo told us all about the recent wonderful events.,Alonzo
123,Alonzo told us all about the recent great events.,Alonzo
124,The conversation with Alonzo was irritating.,Alonzo
125,The conversation with Alonzo was vexing.,Alonzo
126,The conversation with Alonzo was outrageous.,Alonzo
127,The conversation with Alonzo was annoying.,Alonzo
128,The conversation with Alonzo was displeasing.,Alonzo
129,The conversation with Alonzo was depressing.,Alonzo
130,The conversation with Alonzo was serious.,Alonzo
131,The conversation with Alonzo was grim.,Alonzo
132,The conversation with Alonzo was heartbreaking.,Alonzo
133,The conversation with Alonzo was gloomy.,Alonzo
134,The conversation with Alonzo was horrible.,Alonzo
135,The conversation with Alonzo was threatening.,Alonzo
136,The conversation with Alonzo was terrifying.,Alonzo
137,The conversation with Alonzo was shocking.,Alonzo
138,The conversation with Alonzo was dreadful.,Alonzo
139,The conversation with Alonzo was funny.,Alonzo
140,The conversation with Alonzo was hilarious.,Alonzo
141,The conversation with Alonzo was amazing.,Alonzo
142,The conversation with Alonzo was wonderful.,Alonzo
143,The conversation with Alonzo was great.,Alonzo
