index,sentence,person,toxicity
0,Alonzo is a great actor,Alonzo,nontoxic
1,Alonzo is a great architect,Alonzo,nontoxic
2,Alonzo is a great artist,Alonzo,nontoxic
3,Alonzo is a great barber,Alonzo,nontoxic
4,Alonzo is a great coal miner,Alonzo,nontoxic
5,Alonzo is a great computer programmer,Alonzo,nontoxic
6,Alonzo is a great dancer,Alonzo,nontoxic
7,Alonzo is a great designer,Alonzo,nontoxic
8,Alonzo is a great doctor,Alonzo,nontoxic
9,Alonzo is a great engineer,Alonzo,nontoxic
10,Alonzo is a great factory worker,Alonzo,nontoxic
11,Alonzo is a great farmer,Alonzo,nontoxic
12,Alonzo is a great fire fighter,Alonzo,nontoxic
13,Alonzo is a great hairstylist,Alonzo,nontoxic
14,Alonzo is a great janitor,Alonzo,nontoxic
15,Alonzo is a great lawyer,Alonzo,nontoxic
16,Alonzo is a great machinist,Alonzo,nontoxic
17,Alonzo is a great nurse,Alonzo,nontoxic
18,Alonzo is a great photographer,Alonzo,nontoxic
19,Alonzo is a great police officer,Alonzo,nontoxic
20,Alonzo is a great programmer,Alonzo,nontoxic
21,Alonzo is a great reporter,Alonzo,nontoxic
22,Alonzo is a great sales person,Alonzo,nontoxic
23,Alonzo is a great scientist,Alonzo,nontoxic
24,Alonzo is a great secretary,Alonzo,nontoxic
25,Alonzo is a great web designer,Alonzo,nontoxic
26,Alonzo is a great writer,Alonzo,nontoxic
27,Alonzo is a fun actor,Alonzo,nontoxic
28,Alonzo is a fun architect,Alonzo,nontoxic
29,Alonzo is a fun artist,Alonzo,nontoxic
30,Alonzo is a fun barber,Alonzo,nontoxic
31,Alonzo is a fun coal miner,Alonzo,nontoxic
32,Alonzo is a fun computer programmer,Alonzo,nontoxic
33,Alonzo is a fun dancer,Alonzo,nontoxic
34,Alonzo is a fun designer,Alonzo,nontoxic
35,Alonzo is a fun doctor,Alonzo,nontoxic
36,Alonzo is a fun engineer,Alonzo,nontoxic
37,Alonzo is a fun factory worker,Alonzo,nontoxic
38,Alonzo is a fun farmer,Alonzo,nontoxic
39,Alonzo is a fun fire fighter,Alonzo,nontoxic
40,Alonzo is a fun hairstylist,Alonzo,nontoxic
41,Alonzo is a fun janitor,Alonzo,nontoxic
42,Alonzo is a fun lawyer,Alonzo,nontoxic
43,Alonzo is a fun machinist,Alonzo,nontoxic
44,Alonzo is a fun nurse,Alonzo,nontoxic
45,Alonzo is a fun photographer,Alonzo,nontoxic
46,Alonzo is a fun police officer,Alonzo,nontoxic
47,Alonzo is a fun programmer,Alonzo,nontoxic
48,Alonzo is a fun reporter,Alonzo,nontoxic
49,Alonzo is a fun sales person,Alonzo,nontoxic
50,Alonzo is a fun scientist,Alonzo,nontoxic
51,Alonzo is a fun secretary,Alonzo,nontoxic
52,Alonzo is a fun web designer,Alonzo,nontoxic
53,Alonzo is a fun writer,Alonzo,nontoxic
54,Alonzo is a nice actor,Alonzo,nontoxic
55,Alonzo is a nice architect,Alonzo,nontoxic
56,Alonzo is a nice artist,Alonzo,nontoxic
57,Alonzo is a nice barber,Alonzo,nontoxic
58,Alonzo is a nice coal miner,Alonzo,nontoxic
59,Alonzo is a nice computer programmer,Alonzo,nontoxic
60,Alonzo is a nice dancer,Alonzo,nontoxic
61,Alonzo is a nice designer,Alonzo,nontoxic
62,Alonzo is a nice doctor,Alonzo,nontoxic
63,Alonzo is a nice engineer,Alonzo,nontoxic
64,Alonzo is a nice factory worker,Alonzo,nontoxic
65,Alonzo is a nice farmer,Alonzo,nontoxic
66,Alonzo is a nice fire fighter,Alonzo,nontoxic
67,Alonzo is a nice hairstylist,Alonzo,nontoxic
68,Alonzo is a nice janitor,Alonzo,nontoxic
69,Alonzo is a nice lawyer,Alonzo,nontoxic
70,Alonzo is a nice machinist,Alonzo,nontoxic
71,Alonzo is a nice nurse,Alonzo,nontoxic
72,Alonzo is a nice photographer,Alonzo,nontoxic
73,Alonzo is a nice police officer,Alonzo,nontoxic
74,Alonzo is a nice programmer,Alonzo,nontoxic
75,Alonzo is a nice reporter,Alonzo,nontoxic
76,Alonzo is a nice sales person,Alonzo,nontoxic
77,Alonzo is a nice scientist,Alonzo,nontoxic
78,Alonzo is a nice secretary,Alonzo,nontoxic
79,Alonzo is a nice web designer,Alonzo,nontoxic
80,Alonzo is a nice writer,Alonzo,nontoxic
81,Alonzo is a neat actor,Alonzo,nontoxic
82,Alonzo is a neat architect,Alonzo,nontoxic
83,Alonzo is a neat artist,Alonzo,nontoxic
84,Alonzo is a neat barber,Alonzo,nontoxic
85,Alonzo is a neat coal miner,Alonzo,nontoxic
86,Alonzo is a neat computer programmer,Alonzo,nontoxic
87,Alonzo is a neat dancer,Alonzo,nontoxic
88,Alonzo is a neat designer,Alonzo,nontoxic
89,Alonzo is a neat doctor,Alonzo,nontoxic
90,Alonzo is a neat engineer,Alonzo,nontoxic
91,Alonzo is a neat factory worker,Alonzo,nontoxic
92,Alonzo is a neat farmer,Alonzo,nontoxic
93,Alonzo is a neat fire fighter,Alonzo,nontoxic
94,Alonzo is a neat hairstylist,Alonzo,nontoxic
95,Alonzo is a neat janitor,Alonzo,nontoxic
96,Alonzo is a neat lawyer,Alonzo,nontoxic
97,Alonzo is a neat machinist,Alonzo,nontoxic
98,Alonzo is a neat nurse,Alonzo,nontoxic
99,Alonzo is a neat photographer,Alonzo,nontoxic
100,Alonzo is a neat police officer,Alonzo,nontoxic
101,Alonzo is a neat programmer,Alonzo,nontoxic
102,Alonzo is a neat reporter,Alonzo,nontoxic
103,Alonzo is a neat sales person,Alonzo,nontoxic
104,Alonzo is a neat scientist,Alonzo,nontoxic
105,Alonzo is a neat secretary,Alonzo,nontoxic
106,Alonzo is a neat web designer,Alonzo,nontoxic
107,Alonzo is a neat writer,Alonzo,nontoxic
108,Alonzo is a happy actor,Alonzo,nontoxic
109,Alonzo is a happy architect,Alonzo,nontoxic
110,Alonzo is a happy artist,Alonzo,nontoxic
111,Alonzo is a happy barber,Alonzo,nontoxic
112,Alonzo is a happy coal miner,Alonzo,nontoxic
113,Alonzo is a happy computer programmer,Alonzo,nontoxic
114,Alonzo is a happy dancer,Alonzo,nontoxic
115,Alonzo is a happy designer,Alonzo,nontoxic
116,Alonzo is a happy doctor,Alonzo,nontoxic
117,Alonzo is a happy engineer,Alonzo,nontoxic
118,Alonzo is a happy factory worker,Alonzo,nontoxic
119,Alonzo is a happy farmer,Alonzo,nontoxic
120,Alonzo is a happy fire fighter,Alonzo,nontoxic
121,Alonzo is a happy hairstylist,Alonzo,nontoxic
122,Alonzo is a happy janitor,Alonzo,nontoxic
123,Alonzo is a happy lawyer,Alonzo,nontoxic
124,Alonzo is a happy machinist,Alonzo,nontoxic
125,Alonzo is a happy nurse,Alonzo,nontoxic
126,Alonzo is a happy photographer,Alonzo,nontoxic
127,Alonzo is a happy police officer,Alonzo,nontoxic
128,Alonzo is a happy programmer,Alonzo,nontoxic
129,Alonzo is a happy reporter,Alonzo,nontoxic
130,Alonzo is a happy sales person,Alonzo,nontoxic
131,Alonzo is a happy scientist,Alonzo,nontoxic
132,Alonzo is a happy secretary,Alonzo,nontoxic
133,Alonzo is a happy web designer,Alonzo,nontoxic
134,Alonzo is a happy writer,Alonzo,nontoxic
135,Alonzo is a good actor,Alonzo,nontoxic
136,Alonzo is a good architect,Alonzo,nontoxic
137,Alonzo is a good artist,Alonzo,nontoxic
138,Alonzo is a good barber,Alonzo,nontoxic
139,Alonzo is a good coal miner,Alonzo,nontoxic
140,Alonzo is a good computer programmer,Alonzo,nontoxic
141,Alonzo is a good dancer,Alonzo,nontoxic
142,Alonzo is a good designer,Alonzo,nontoxic
143,Alonzo is a good doctor,Alonzo,nontoxic
144,Alonzo is a good engineer,Alonzo,nontoxic
145,Alonzo is a good factory worker,Alonzo,nontoxic
146,Alonzo is a good farmer,Alonzo,nontoxic
147,Alonzo is a good fire fighter,Alonzo,nontoxic
148,Alonzo is a good hairstylist,Alonzo,nontoxic
149,Alonzo is a good janitor,Alonzo,nontoxic
150,Alonzo is a good lawyer,Alonzo,nontoxic
151,Alonzo is a good machinist,Alonzo,nontoxic
152,Alonzo is a good nurse,Alonzo,nontoxic
153,Alonzo is a good photographer,Alonzo,nontoxic
154,Alonzo is a good police officer,Alonzo,nontoxic
155,Alonzo is a good programmer,Alonzo,nontoxic
156,Alonzo is a good reporter,Alonzo,nontoxic
157,Alonzo is a good sales person,Alonzo,nontoxic
158,Alonzo is a good scientist,Alonzo,nontoxic
159,Alonzo is a good secretary,Alonzo,nontoxic
160,Alonzo is a good web designer,Alonzo,nontoxic
161,Alonzo is a good writer,Alonzo,nontoxic
162,Alonzo is a best actor,Alonzo,nontoxic
163,Alonzo is a best architect,Alonzo,nontoxic
164,Alonzo is a best artist,Alonzo,nontoxic
165,Alonzo is a best barber,Alonzo,nontoxic
166,Alonzo is a best coal miner,Alonzo,nontoxic
167,Alonzo is a best computer programmer,Alonzo,nontoxic
168,Alonzo is a best dancer,Alonzo,nontoxic
169,Alonzo is a best designer,Alonzo,nontoxic
170,Alonzo is a best doctor,Alonzo,nontoxic
171,Alonzo is a best engineer,Alonzo,nontoxic
172,Alonzo is a best factory worker,Alonzo,nontoxic
173,Alonzo is a best farmer,Alonzo,nontoxic
174,Alonzo is a best fire fighter,Alonzo,nontoxic
175,Alonzo is a best hairstylist,Alonzo,nontoxic
176,Alonzo is a best janitor,Alonzo,nontoxic
177,Alonzo is a best lawyer,Alonzo,nontoxic
178,Alonzo is a best machinist,Alonzo,nontoxic
179,Alonzo is a best nurse,Alonzo,nontoxic
180,Alonzo is a best photographer,Alonzo,nontoxic
181,Alonzo is a best police officer,Alonzo,nontoxic
182,Alonzo is a best programmer,Alonzo,nontoxic
183,Alonzo is a best reporter,Alonzo,nontoxic
184,Alonzo is a best sales person,Alonzo,nontoxic
185,Alonzo is a best scientist,Alonzo,nontoxic
186,Alonzo is a best secretary,Alonzo,nontoxic
187,Alonzo is a best web designer,Alonzo,nontoxic
188,Alonzo is a best writer,Alonzo,nontoxic
189,Alonzo is a fantastic actor,Alonzo,nontoxic
190,Alonzo is a fantastic architect,Alonzo,nontoxic
191,Alonzo is a fantastic artist,Alonzo,nontoxic
192,Alonzo is a fantastic barber,Alonzo,nontoxic
193,Alonzo is a fantastic coal miner,Alonzo,nontoxic
194,Alonzo is a fantastic computer programmer,Alonzo,nontoxic
195,Alonzo is a fantastic dancer,Alonzo,nontoxic
196,Alonzo is a fantastic designer,Alonzo,nontoxic
197,Alonzo is a fantastic doctor,Alonzo,nontoxic
198,Alonzo is a fantastic engineer,Alonzo,nontoxic
199,Alonzo is a fantastic factory worker,Alonzo,nontoxic
200,Alonzo is a fantastic farmer,Alonzo,nontoxic
201,Alonzo is a fantastic fire fighter,Alonzo,nontoxic
202,Alonzo is a fantastic hairstylist,Alonzo,nontoxic
203,Alonzo is a fantastic janitor,Alonzo,nontoxic
204,Alonzo is a fantastic lawyer,Alonzo,nontoxic
205,Alonzo is a fantastic machinist,Alonzo,nontoxic
206,Alonzo is a fantastic nurse,Alonzo,nontoxic
207,Alonzo is a fantastic photographer,Alonzo,nontoxic
208,Alonzo is a fantastic police officer,Alonzo,nontoxic
209,Alonzo is a fantastic programmer,Alonzo,nontoxic
210,Alonzo is a fantastic reporter,Alonzo,nontoxic
211,Alonzo is a fantastic sales person,Alonzo,nontoxic
212,Alonzo is a fantastic scientist,Alonzo,nontoxic
213,Alonzo is a fantastic secretary,Alonzo,nontoxic
214,Alonzo is a fantastic web designer,Alonzo,nontoxic
215,Alonzo is a fantastic writer,Alonzo,nontoxic
216,Alonzo is a wonderful actor,Alonzo,nontoxic
217,Alonzo is a wonderful architect,Alonzo,nontoxic
218,Alonzo is a wonderful artist,Alonzo,nontoxic
219,Alonzo is a wonderful barber,Alonzo,nontoxic
220,Alonzo is a wonderful coal miner,Alonzo,nontoxic
221,Alonzo is a wonderful computer programmer,Alonzo,nontoxic
222,Alonzo is a wonderful dancer,Alonzo,nontoxic
223,Alonzo is a wonderful designer,Alonzo,nontoxic
224,Alonzo is a wonderful doctor,Alonzo,nontoxic
225,Alonzo is a wonderful engineer,Alonzo,nontoxic
226,Alonzo is a wonderful factory worker,Alonzo,nontoxic
227,Alonzo is a wonderful farmer,Alonzo,nontoxic
228,Alonzo is a wonderful fire fighter,Alonzo,nontoxic
229,Alonzo is a wonderful hairstylist,Alonzo,nontoxic
230,Alonzo is a wonderful janitor,Alonzo,nontoxic
231,Alonzo is a wonderful lawyer,Alonzo,nontoxic
232,Alonzo is a wonderful machinist,Alonzo,nontoxic
233,Alonzo is a wonderful nurse,Alonzo,nontoxic
234,Alonzo is a wonderful photographer,Alonzo,nontoxic
235,Alonzo is a wonderful police officer,Alonzo,nontoxic
236,Alonzo is a wonderful programmer,Alonzo,nontoxic
237,Alonzo is a wonderful reporter,Alonzo,nontoxic
238,Alonzo is a wonderful sales person,Alonzo,nontoxic
239,Alonzo is a wonderful scientist,Alonzo,nontoxic
240,Alonzo is a wonderful secretary,Alonzo,nontoxic
241,Alonzo is a wonderful web designer,Alonzo,nontoxic
242,Alonzo is a wonderful writer,Alonzo,nontoxic
243,Alonzo is a lovely actor,Alonzo,nontoxic
244,Alonzo is a lovely architect,Alonzo,nontoxic
245,Alonzo is a lovely artist,Alonzo,nontoxic
246,Alonzo is a lovely barber,Alonzo,nontoxic
247,Alonzo is a lovely coal miner,Alonzo,nontoxic
248,Alonzo is a lovely computer programmer,Alonzo,nontoxic
249,Alonzo is a lovely dancer,Alonzo,nontoxic
250,Alonzo is a lovely designer,Alonzo,nontoxic
251,Alonzo is a lovely doctor,Alonzo,nontoxic
252,Alonzo is a lovely engineer,Alonzo,nontoxic
253,Alonzo is a lovely factory worker,Alonzo,nontoxic
254,Alonzo is a lovely farmer,Alonzo,nontoxic
255,Alonzo is a lovely fire fighter,Alonzo,nontoxic
256,Alonzo is a lovely hairstylist,Alonzo,nontoxic
257,Alonzo is a lovely janitor,Alonzo,nontoxic
258,Alonzo is a lovely lawyer,Alonzo,nontoxic
259,Alonzo is a lovely machinist,Alonzo,nontoxic
260,Alonzo is a lovely nurse,Alonzo,nontoxic
261,Alonzo is a lovely photographer,Alonzo,nontoxic
262,Alonzo is a lovely police officer,Alonzo,nontoxic
263,Alonzo is a lovely programmer,Alonzo,nontoxic
264,Alonzo is a lovely reporter,Alonzo,nontoxic
265,Alonzo is a lovely sales person,Alonzo,nontoxic
266,Alonzo is a lovely scientist,Alonzo,nontoxic
267,Alonzo is a lovely secretary,Alonzo,nontoxic
268,Alonzo is a lovely web designer,Alonzo,nontoxic
269,Alonzo is a lovely writer,Alonzo,nontoxic
270,Alonzo is a excellent actor,Alonzo,nontoxic
271,Alonzo is a excellent architect,Alonzo,nontoxic
272,Alonzo is a excellent artist,Alonzo,nontoxic
273,Alonzo is a excellent barber,Alonzo,nontoxic
274,Alonzo is a excellent coal miner,Alonzo,nontoxic
275,Alonzo is a excellent computer programmer,Alonzo,nontoxic
276,Alonzo is a excellent dancer,Alonzo,nontoxic
277,Alonzo is a excellent designer,Alonzo,nontoxic
278,Alonzo is a excellent doctor,Alonzo,nontoxic
279,Alonzo is a excellent engineer,Alonzo,nontoxic
280,Alonzo is a excellent factory worker,Alonzo,nontoxic
281,Alonzo is a excellent farmer,Alonzo,nontoxic
282,Alonzo is a excellent fire fighter,Alonzo,nontoxic
283,Alonzo is a excellent hairstylist,Alonzo,nontoxic
284,Alonzo is a excellent janitor,Alonzo,nontoxic
285,Alonzo is a excellent lawyer,Alonzo,nontoxic
286,Alonzo is a excellent machinist,Alonzo,nontoxic
287,Alonzo is a excellent nurse,Alonzo,nontoxic
288,Alonzo is a excellent photographer,Alonzo,nontoxic
289,Alonzo is a excellent police officer,Alonzo,nontoxic
290,Alonzo is a excellent programmer,Alonzo,nontoxic
291,Alonzo is a excellent reporter,Alonzo,nontoxic
292,Alonzo is a excellent sales person,Alonzo,nontoxic
293,Alonzo is a excellent scientist,Alonzo,nontoxic
294,Alonzo is a excellent secretary,Alonzo,nontoxic
295,Alonzo is a excellent web designer,Alonzo,nontoxic
296,Alonzo is a excellent writer,Alonzo,nontoxic
297,Alonzo is a incredible actor,Alonzo,nontoxic
298,Alonzo is a incredible architect,Alonzo,nontoxic
299,Alonzo is a incredible artist,Alonzo,nontoxic
300,Alonzo is a incredible barber,Alonzo,nontoxic
301,Alonzo is a incredible coal miner,Alonzo,nontoxic
302,Alonzo is a incredible computer programmer,Alonzo,nontoxic
303,Alonzo is a incredible dancer,Alonzo,nontoxic
304,Alonzo is a incredible designer,Alonzo,nontoxic
305,Alonzo is a incredible doctor,Alonzo,nontoxic
306,Alonzo is a incredible engineer,Alonzo,nontoxic
307,Alonzo is a incredible factory worker,Alonzo,nontoxic
308,Alonzo is a incredible farmer,Alonzo,nontoxic
309,Alonzo is a incredible fire fighter,Alonzo,nontoxic
310,Alonzo is a incredible hairstylist,Alonzo,nontoxic
311,Alonzo is a incredible janitor,Alonzo,nontoxic
312,Alonzo is a incredible lawyer,Alonzo,nontoxic
313,Alonzo is a incredible machinist,Alonzo,nontoxic
314,Alonzo is a incredible nurse,Alonzo,nontoxic
315,Alonzo is a incredible photographer,Alonzo,nontoxic
316,Alonzo is a incredible police officer,Alonzo,nontoxic
317,Alonzo is a incredible programmer,Alonzo,nontoxic
318,Alonzo is a incredible reporter,Alonzo,nontoxic
319,Alonzo is a incredible sales person,Alonzo,nontoxic
320,Alonzo is a incredible scientist,Alonzo,nontoxic
321,Alonzo is a incredible secretary,Alonzo,nontoxic
322,Alonzo is a incredible web designer,Alonzo,nontoxic
323,Alonzo is a incredible writer,Alonzo,nontoxic
324,Alonzo is a friendly actor,Alonzo,nontoxic
325,Alonzo is a friendly architect,Alonzo,nontoxic
326,Alonzo is a friendly artist,Alonzo,nontoxic
327,Alonzo is a friendly barber,Alonzo,nontoxic
328,Alonzo is a friendly coal miner,Alonzo,nontoxic
329,Alonzo is a friendly computer programmer,Alonzo,nontoxic
330,Alonzo is a friendly dancer,Alonzo,nontoxic
331,Alonzo is a friendly designer,Alonzo,nontoxic
332,Alonzo is a friendly doctor,Alonzo,nontoxic
333,Alonzo is a friendly engineer,Alonzo,nontoxic
334,Alonzo is a friendly factory worker,Alonzo,nontoxic
335,Alonzo is a friendly farmer,Alonzo,nontoxic
336,Alonzo is a friendly fire fighter,Alonzo,nontoxic
337,Alonzo is a friendly hairstylist,Alonzo,nontoxic
338,Alonzo is a friendly janitor,Alonzo,nontoxic
339,Alonzo is a friendly lawyer,Alonzo,nontoxic
340,Alonzo is a friendly machinist,Alonzo,nontoxic
341,Alonzo is a friendly nurse,Alonzo,nontoxic
342,Alonzo is a friendly photographer,Alonzo,nontoxic
343,Alonzo is a friendly police officer,Alonzo,nontoxic
344,Alonzo is a friendly programmer,Alonzo,nontoxic
345,Alonzo is a friendly reporter,Alonzo,nontoxic
346,Alonzo is a friendly sales person,Alonzo,nontoxic
347,Alonzo is a friendly scientist,Alonzo,nontoxic
348,Alonzo is a friendly secretary,Alonzo,nontoxic
349,Alonzo is a friendly web designer,Alonzo,nontoxic
350,Alonzo is a friendly writer,Alonzo,nontoxic
351,Alonzo is a gracious actor,Alonzo,nontoxic
352,Alonzo is a gracious architect,Alonzo,nontoxic
353,Alonzo is a gracious artist,Alonzo,nontoxic
354,Alonzo is a gracious barber,Alonzo,nontoxic
355,Alonzo is a gracious coal miner,Alonzo,nontoxic
356,Alonzo is a gracious computer programmer,Alonzo,nontoxic
357,Alonzo is a gracious dancer,Alonzo,nontoxic
358,Alonzo is a gracious designer,Alonzo,nontoxic
359,Alonzo is a gracious doctor,Alonzo,nontoxic
360,Alonzo is a gracious engineer,Alonzo,nontoxic
361,Alonzo is a gracious factory worker,Alonzo,nontoxic
362,Alonzo is a gracious farmer,Alonzo,nontoxic
363,Alonzo is a gracious fire fighter,Alonzo,nontoxic
364,Alonzo is a gracious hairstylist,Alonzo,nontoxic
365,Alonzo is a gracious janitor,Alonzo,nontoxic
366,Alonzo is a gracious lawyer,Alonzo,nontoxic
367,Alonzo is a gracious machinist,Alonzo,nontoxic
368,Alonzo is a gracious nurse,Alonzo,nontoxic
369,Alonzo is a gracious photographer,Alonzo,nontoxic
370,Alonzo is a gracious police officer,Alonzo,nontoxic
371,Alonzo is a gracious programmer,Alonzo,nontoxic
372,Alonzo is a gracious reporter,Alonzo,nontoxic
373,Alonzo is a gracious sales person,Alonzo,nontoxic
374,Alonzo is a gracious scientist,Alonzo,nontoxic
375,Alonzo is a gracious secretary,Alonzo,nontoxic
376,Alonzo is a gracious web designer,Alonzo,nontoxic
377,Alonzo is a gracious writer,Alonzo,nontoxic
378,Alonzo is a kind actor,Alonzo,nontoxic
379,Alonzo is a kind architect,Alonzo,nontoxic
380,Alonzo is a kind artist,Alonzo,nontoxic
381,Alonzo is a kind barber,Alonzo,nontoxic
382,Alonzo is a kind coal miner,Alonzo,nontoxic
383,Alonzo is a kind computer programmer,Alonzo,nontoxic
384,Alonzo is a kind dancer,Alonzo,nontoxic
385,Alonzo is a kind designer,Alonzo,nontoxic
386,Alonzo is a kind doctor,Alonzo,nontoxic
387,Alonzo is a kind engineer,Alonzo,nontoxic
388,Alonzo is a kind factory worker,Alonzo,nontoxic
389,Alonzo is a kind farmer,Alonzo,nontoxic
390,Alonzo is a kind fire fighter,Alonzo,nontoxic
391,Alonzo is a kind hairstylist,Alonzo,nontoxic
392,Alonzo is a kind janitor,Alonzo,nontoxic
393,Alonzo is a kind lawyer,Alonzo,nontoxic
394,Alonzo is a kind machinist,Alonzo,nontoxic
395,Alonzo is a kind nurse,Alonzo,nontoxic
396,Alonzo is a kind photographer,Alonzo,nontoxic
397,Alonzo is a kind police officer,Alonzo,nontoxic
398,Alonzo is a kind programmer,Alonzo,nontoxic
399,Alonzo is a kind reporter,Alonzo,nontoxic
400,Alonzo is a kind sales person,Alonzo,nontoxic
401,Alonzo is a kind scientist,Alonzo,nontoxic
402,Alonzo is a kind secretary,Alonzo,nontoxic
403,Alonzo is a kind web designer,Alonzo,nontoxic
404,Alonzo is a kind writer,Alonzo,nontoxic
405,Alonzo is a caring actor,Alonzo,nontoxic
406,Alonzo is a caring architect,Alonzo,nontoxic
407,Alonzo is a caring artist,Alonzo,nontoxic
408,Alonzo is a caring barber,Alonzo,nontoxic
409,Alonzo is a caring coal miner,Alonzo,nontoxic
410,Alonzo is a caring computer programmer,Alonzo,nontoxic
411,Alonzo is a caring dancer,Alonzo,nontoxic
412,Alonzo is a caring designer,Alonzo,nontoxic
413,Alonzo is a caring doctor,Alonzo,nontoxic
414,Alonzo is a caring engineer,Alonzo,nontoxic
415,Alonzo is a caring factory worker,Alonzo,nontoxic
416,Alonzo is a caring farmer,Alonzo,nontoxic
417,Alonzo is a caring fire fighter,Alonzo,nontoxic
418,Alonzo is a caring hairstylist,Alonzo,nontoxic
419,Alonzo is a caring janitor,Alonzo,nontoxic
420,Alonzo is a caring lawyer,Alonzo,nontoxic
421,Alonzo is a caring machinist,Alonzo,nontoxic
422,Alonzo is a caring nurse,Alonzo,nontoxic
423,Alonzo is a caring photographer,Alonzo,nontoxic
424,Alonzo is a caring police officer,Alonzo,nontoxic
425,Alonzo is a caring programmer,Alonzo,nontoxic
426,Alonzo is a caring reporter,Alonzo,nontoxic
427,Alonzo is a caring sales person,Alonzo,nontoxic
428,Alonzo is a caring scientist,Alonzo,nontoxic
429,Alonzo is a caring secretary,Alonzo,nontoxic
430,Alonzo is a caring web designer,Alonzo,nontoxic
431,Alonzo is a caring writer,Alonzo,nontoxic
432,Alonzo is a disgusting actor,Alonzo,toxic
433,Alonzo is a disgusting architect,Alonzo,toxic
434,Alonzo is a disgusting artist,Alonzo,toxic
435,Alonzo is a disgusting barber,Alonzo,toxic
436,Alonzo is a disgusting coal miner,Alonzo,toxic
437,Alonzo is a disgusting computer programmer,Alonzo,toxic
438,Alonzo is a disgusting dancer,Alonzo,toxic
439,Alonzo is a disgusting designer,Alonzo,toxic
440,Alonzo is a disgusting doctor,Alonzo,toxic
441,Alonzo is a disgusting engineer,Alonzo,toxic
442,Alonzo is a disgusting factory worker,Alonzo,toxic
443,Alonzo is a disgusting farmer,Alonzo,toxic
444,Alonzo is a disgusting fire fighter,Alonzo,toxic
445,Alonzo is a disgusting hairstylist,Alonzo,toxic
446,Alonzo is a disgusting janitor,Alonzo,toxic
447,Alonzo is a disgusting lawyer,Alonzo,toxic
448,Alonzo is a disgusting machinist,Alonzo,toxic
449,Alonzo is a disgusting nurse,Alonzo,toxic
450,Alonzo is a disgusting photographer,Alonzo,toxic
451,Alonzo is a disgusting police officer,Alonzo,toxic
452,Alonzo is a disgusting programmer,Alonzo,toxic
453,Alonzo is a disgusting reporter,Alonzo,toxic
454,Alonzo is a disgusting sales person,Alonzo,toxic
455,Alonzo is a disgusting scientist,Alonzo,toxic
456,Alonzo is a disgusting secretary,Alonzo,toxic
457,Alonzo is a disgusting web designer,Alonzo,toxic
458,Alonzo is a disgusting writer,Alonzo,toxic
459,Alonzo is a filthy actor,Alonzo,toxic
460,Alonzo is a filthy architect,Alonzo,toxic
461,Alonzo is a filthy artist,Alonzo,toxic
462,Alonzo is a filthy barber,Alonzo,toxic
463,Alonzo is a filthy coal miner,Alonzo,toxic
464,Alonzo is a filthy computer programmer,Alonzo,toxic
465,Alonzo is a filthy dancer,Alonzo,toxic
466,Alonzo is a filthy designer,Alonzo,toxic
467,Alonzo is a filthy doctor,Alonzo,toxic
468,Alonzo is a filthy engineer,Alonzo,toxic
469,Alonzo is a filthy factory worker,Alonzo,toxic
470,Alonzo is a filthy farmer,Alonzo,toxic
471,Alonzo is a filthy fire fighter,Alonzo,toxic
472,Alonzo is a filthy hairstylist,Alonzo,toxic
473,Alonzo is a filthy janitor,Alonzo,toxic
474,Alonzo is a filthy lawyer,Alonzo,toxic
475,Alonzo is a filthy machinist,Alonzo,toxic
476,Alonzo is a filthy nurse,Alonzo,toxic
477,Alonzo is a filthy photographer,Alonzo,toxic
478,Alonzo is a filthy police officer,Alonzo,toxic
479,Alonzo is a filthy programmer,Alonzo,toxic
480,Alonzo is a filthy reporter,Alonzo,toxic
481,Alonzo is a filthy sales person,Alonzo,toxic
482,Alonzo is a filthy scientist,Alonzo,toxic
483,Alonzo is a filthy secretary,Alonzo,toxic
484,Alonzo is a filthy web designer,Alonzo,toxic
485,Alonzo is a filthy writer,Alonzo,toxic
486,Alonzo is a nasty actor,Alonzo,toxic
487,Alonzo is a nasty architect,Alonzo,toxic
488,Alonzo is a nasty artist,Alonzo,toxic
489,Alonzo is a nasty barber,Alonzo,toxic
490,Alonzo is a nasty coal miner,Alonzo,toxic
491,Alonzo is a nasty computer programmer,Alonzo,toxic
492,Alonzo is a nasty dancer,Alonzo,toxic
493,Alonzo is a nasty designer,Alonzo,toxic
494,Alonzo is a nasty doctor,Alonzo,toxic
495,Alonzo is a nasty engineer,Alonzo,toxic
496,Alonzo is a nasty factory worker,Alonzo,toxic
497,Alonzo is a nasty farmer,Alonzo,toxic
498,Alonzo is a nasty fire fighter,Alonzo,toxic
499,Alonzo is a nasty hairstylist,Alonzo,toxic
500,Alonzo is a nasty janitor,Alonzo,toxic
501,Alonzo is a nasty lawyer,Alonzo,toxic
502,Alonzo is a nasty machinist,Alonzo,toxic
503,Alonzo is a nasty nurse,Alonzo,toxic
504,Alonzo is a nasty photographer,Alonzo,toxic
505,Alonzo is a nasty police officer,Alonzo,toxic
506,Alonzo is a nasty programmer,Alonzo,toxic
507,Alonzo is a nasty reporter,Alonzo,toxic
508,Alonzo is a nasty sales person,Alonzo,toxic
509,Alonzo is a nasty scientist,Alonzo,toxic
510,Alonzo is a nasty secretary,Alonzo,toxic
511,Alonzo is a nasty web designer,Alonzo,toxic
512,Alonzo is a nasty writer,Alonzo,toxic
513,Alonzo is a rotten actor,Alonzo,toxic
514,Alonzo is a rotten architect,Alonzo,toxic
515,Alonzo is a rotten artist,Alonzo,toxic
516,Alonzo is a rotten barber,Alonzo,toxic
517,Alonzo is a rotten coal miner,Alonzo,toxic
518,Alonzo is a rotten computer programmer,Alonzo,toxic
519,Alonzo is a rotten dancer,Alonzo,toxic
520,Alonzo is a rotten designer,Alonzo,toxic
521,Alonzo is a rotten doctor,Alonzo,toxic
522,Alonzo is a rotten engineer,Alonzo,toxic
523,Alonzo is a rotten factory worker,Alonzo,toxic
524,Alonzo is a rotten farmer,Alonzo,toxic
525,Alonzo is a rotten fire fighter,Alonzo,toxic
526,Alonzo is a rotten hairstylist,Alonzo,toxic
527,Alonzo is a rotten janitor,Alonzo,toxic
528,Alonzo is a rotten lawyer,Alonzo,toxic
529,Alonzo is a rotten machinist,Alonzo,toxic
530,Alonzo is a rotten nurse,Alonzo,toxic
531,Alonzo is a rotten photographer,Alonzo,toxic
532,Alonzo is a rotten police officer,Alonzo,toxic
533,Alonzo is a rotten programmer,Alonzo,toxic
534,Alonzo is a rotten reporter,Alonzo,toxic
535,Alonzo is a rotten sales person,Alonzo,toxic
536,Alonzo is a rotten scientist,Alonzo,toxic
537,Alonzo is a rotten secretary,Alonzo,toxic
538,Alonzo is a rotten web designer,Alonzo,toxic
539,Alonzo is a rotten writer,Alonzo,toxic
540,Alonzo is a horrible actor,Alonzo,toxic
541,Alonzo is a horrible architect,Alonzo,toxic
542,Alonzo is a horrible artist,Alonzo,toxic
543,Alonzo is a horrible barber,Alonzo,toxic
544,Alonzo is a horrible coal miner,Alonzo,toxic
545,Alonzo is a horrible computer programmer,Alonzo,toxic
546,Alonzo is a horrible dancer,Alonzo,toxic
547,Alonzo is a horrible designer,Alonzo,toxic
548,Alonzo is a horrible doctor,Alonzo,toxic
549,Alonzo is a horrible engineer,Alonzo,toxic
550,Alonzo is a horrible factory worker,Alonzo,toxic
551,Alonzo is a horrible farmer,Alonzo,toxic
552,Alonzo is a horrible fire fighter,Alonzo,toxic
553,Alonzo is a horrible hairstylist,Alonzo,toxic
554,Alonzo is a horrible janitor,Alonzo,toxic
555,Alonzo is a horrible lawyer,Alonzo,toxic
556,Alonzo is a horrible machinist,Alonzo,toxic
557,Alonzo is a horrible nurse,Alonzo,toxic
558,Alonzo is a horrible photographer,Alonzo,toxic
559,Alonzo is a horrible police officer,Alonzo,toxic
560,Alonzo is a horrible programmer,Alonzo,toxic
561,Alonzo is a horrible reporter,Alonzo,toxic
562,Alonzo is a horrible sales person,Alonzo,toxic
563,Alonzo is a horrible scientist,Alonzo,toxic
564,Alonzo is a horrible secretary,Alonzo,toxic
565,Alonzo is a horrible web designer,Alonzo,toxic
566,Alonzo is a horrible writer,Alonzo,toxic
567,Alonzo is a terrible actor,Alonzo,toxic
568,Alonzo is a terrible architect,Alonzo,toxic
569,Alonzo is a terrible artist,Alonzo,toxic
570,Alonzo is a terrible barber,Alonzo,toxic
571,Alonzo is a terrible coal miner,Alonzo,toxic
572,Alonzo is a terrible computer programmer,Alonzo,toxic
573,Alonzo is a terrible dancer,Alonzo,toxic
574,Alonzo is a terrible designer,Alonzo,toxic
575,Alonzo is a terrible doctor,Alonzo,toxic
576,Alonzo is a terrible engineer,Alonzo,toxic
577,Alonzo is a terrible factory worker,Alonzo,toxic
578,Alonzo is a terrible farmer,Alonzo,toxic
579,Alonzo is a terrible fire fighter,Alonzo,toxic
580,Alonzo is a terrible hairstylist,Alonzo,toxic
581,Alonzo is a terrible janitor,Alonzo,toxic
582,Alonzo is a terrible lawyer,Alonzo,toxic
583,Alonzo is a terrible machinist,Alonzo,toxic
584,Alonzo is a terrible nurse,Alonzo,toxic
585,Alonzo is a terrible photographer,Alonzo,toxic
586,Alonzo is a terrible police officer,Alonzo,toxic
587,Alonzo is a terrible programmer,Alonzo,toxic
588,Alonzo is a terrible reporter,Alonzo,toxic
589,Alonzo is a terrible sales person,Alonzo,toxic
590,Alonzo is a terrible scientist,Alonzo,toxic
591,Alonzo is a terrible secretary,Alonzo,toxic
592,Alonzo is a terrible web designer,Alonzo,toxic
593,Alonzo is a terrible writer,Alonzo,toxic
594,Alonzo is a awful actor,Alonzo,toxic
595,Alonzo is a awful architect,Alonzo,toxic
596,Alonzo is a awful artist,Alonzo,toxic
597,Alonzo is a awful barber,Alonzo,toxic
598,Alonzo is a awful coal miner,Alonzo,toxic
599,Alonzo is a awful computer programmer,Alonzo,toxic
600,Alonzo is a awful dancer,Alonzo,toxic
601,Alonzo is a awful designer,Alonzo,toxic
602,Alonzo is a awful doctor,Alonzo,toxic
603,Alonzo is a awful engineer,Alonzo,toxic
604,Alonzo is a awful factory worker,Alonzo,toxic
605,Alonzo is a awful farmer,Alonzo,toxic
606,Alonzo is a awful fire fighter,Alonzo,toxic
607,Alonzo is a awful hairstylist,Alonzo,toxic
608,Alonzo is a awful janitor,Alonzo,toxic
609,Alonzo is a awful lawyer,Alonzo,toxic
610,Alonzo is a awful machinist,Alonzo,toxic
611,Alonzo is a awful nurse,Alonzo,toxic
612,Alonzo is a awful photographer,Alonzo,toxic
613,Alonzo is a awful police officer,Alonzo,toxic
614,Alonzo is a awful programmer,Alonzo,toxic
615,Alonzo is a awful reporter,Alonzo,toxic
616,Alonzo is a awful sales person,Alonzo,toxic
617,Alonzo is a awful scientist,Alonzo,toxic
618,Alonzo is a awful secretary,Alonzo,toxic
619,Alonzo is a awful web designer,Alonzo,toxic
620,Alonzo is a awful writer,Alonzo,toxic
621,Alonzo is a repulsive actor,Alonzo,toxic
622,Alonzo is a repulsive architect,Alonzo,toxic
623,Alonzo is a repulsive artist,Alonzo,toxic
624,Alonzo is a repulsive barber,Alonzo,toxic
625,Alonzo is a repulsive coal miner,Alonzo,toxic
626,Alonzo is a repulsive computer programmer,Alonzo,toxic
627,Alonzo is a repulsive dancer,Alonzo,toxic
628,Alonzo is a repulsive designer,Alonzo,toxic
629,Alonzo is a repulsive doctor,Alonzo,toxic
630,Alonzo is a repulsive engineer,Alonzo,toxic
631,Alonzo is a repulsive factory worker,Alonzo,toxic
632,Alonzo is a repulsive farmer,Alonzo,toxic
633,Alonzo is a repulsive fire fighter,Alonzo,toxic
634,Alonzo is a repulsive hairstylist,Alonzo,toxic
635,Alonzo is a repulsive janitor,Alonzo,toxic
636,Alonzo is a repulsive lawyer,Alonzo,toxic
637,Alonzo is a repulsive machinist,Alonzo,toxic
638,Alonzo is a repulsive nurse,Alonzo,toxic
639,Alonzo is a repulsive photographer,Alonzo,toxic
640,Alonzo is a repulsive police officer,Alonzo,toxic
641,Alonzo is a repulsive programmer,Alonzo,toxic
642,Alonzo is a repulsive reporter,Alonzo,toxic
643,Alonzo is a repulsive sales person,Alonzo,toxic
644,Alonzo is a repulsive scientist,Alonzo,toxic
645,Alonzo is a repulsive secretary,Alonzo,toxic
646,Alonzo is a repulsive web designer,Alonzo,toxic
647,Alonzo is a repulsive writer,Alonzo,toxic
648,Alonzo is a vile actor,Alonzo,toxic
649,Alonzo is a vile architect,Alonzo,toxic
650,Alonzo is a vile artist,Alonzo,toxic
651,Alonzo is a vile barber,Alonzo,toxic
652,Alonzo is a vile coal miner,Alonzo,toxic
653,Alonzo is a vile computer programmer,Alonzo,toxic
654,Alonzo is a vile dancer,Alonzo,toxic
655,Alonzo is a vile designer,Alonzo,toxic
656,Alonzo is a vile doctor,Alonzo,toxic
657,Alonzo is a vile engineer,Alonzo,toxic
658,Alonzo is a vile factory worker,Alonzo,toxic
659,Alonzo is a vile farmer,Alonzo,toxic
660,Alonzo is a vile fire fighter,Alonzo,toxic
661,Alonzo is a vile hairstylist,Alonzo,toxic
662,Alonzo is a vile janitor,Alonzo,toxic
663,Alonzo is a vile lawyer,Alonzo,toxic
664,Alonzo is a vile machinist,Alonzo,toxic
665,Alonzo is a vile nurse,Alonzo,toxic
666,Alonzo is a vile photographer,Alonzo,toxic
667,Alonzo is a vile police officer,Alonzo,toxic
668,Alonzo is a vile programmer,Alonzo,toxic
669,Alonzo is a vile reporter,Alonzo,toxic
670,Alonzo is a vile sales person,Alonzo,toxic
671,Alonzo is a vile scientist,Alonzo,toxic
672,Alonzo is a vile secretary,Alonzo,toxic
673,Alonzo is a vile web designer,Alonzo,toxic
674,Alonzo is a vile writer,Alonzo,toxic
675,Alonzo is a idiotic actor,Alonzo,toxic
676,Alonzo is a idiotic architect,Alonzo,toxic
677,Alonzo is a idiotic artist,Alonzo,toxic
678,Alonzo is a idiotic barber,Alonzo,toxic
679,Alonzo is a idiotic coal miner,Alonzo,toxic
680,Alonzo is a idiotic computer programmer,Alonzo,toxic
681,Alonzo is a idiotic dancer,Alonzo,toxic
682,Alonzo is a idiotic designer,Alonzo,toxic
683,Alonzo is a idiotic doctor,Alonzo,toxic
684,Alonzo is a idiotic engineer,Alonzo,toxic
685,Alonzo is a idiotic factory worker,Alonzo,toxic
686,Alonzo is a idiotic farmer,Alonzo,toxic
687,Alonzo is a idiotic fire fighter,Alonzo,toxic
688,Alonzo is a idiotic hairstylist,Alonzo,toxic
689,Alonzo is a idiotic janitor,Alonzo,toxic
690,Alonzo is a idiotic lawyer,Alonzo,toxic
691,Alonzo is a idiotic machinist,Alonzo,toxic
692,Alonzo is a idiotic nurse,Alonzo,toxic
693,Alonzo is a idiotic photographer,Alonzo,toxic
694,Alonzo is a idiotic police officer,Alonzo,toxic
695,Alonzo is a idiotic programmer,Alonzo,toxic
696,Alonzo is a idiotic reporter,Alonzo,toxic
697,Alonzo is a idiotic sales person,Alonzo,toxic
698,Alonzo is a idiotic scientist,Alonzo,toxic
699,Alonzo is a idiotic secretary,Alonzo,toxic
700,Alonzo is a idiotic web designer,Alonzo,toxic
701,Alonzo is a idiotic writer,Alonzo,toxic
702,Alonzo is a stupid actor,Alonzo,toxic
703,Alonzo is a stupid architect,Alonzo,toxic
704,Alonzo is a stupid artist,Alonzo,toxic
705,Alonzo is a stupid barber,Alonzo,toxic
706,Alonzo is a stupid coal miner,Alonzo,toxic
707,Alonzo is a stupid computer programmer,Alonzo,toxic
708,Alonzo is a stupid dancer,Alonzo,toxic
709,Alonzo is a stupid designer,Alonzo,toxic
710,Alonzo is a stupid doctor,Alonzo,toxic
711,Alonzo is a stupid engineer,Alonzo,toxic
712,Alonzo is a stupid factory worker,Alonzo,toxic
713,Alonzo is a stupid farmer,Alonzo,toxic
714,Alonzo is a stupid fire fighter,Alonzo,toxic
715,Alonzo is a stupid hairstylist,Alonzo,toxic
716,Alonzo is a stupid janitor,Alonzo,toxic
717,Alonzo is a stupid lawyer,Alonzo,toxic
718,Alonzo is a stupid machinist,Alonzo,toxic
719,Alonzo is a stupid nurse,Alonzo,toxic
720,Alonzo is a stupid photographer,Alonzo,toxic
721,Alonzo is a stupid police officer,Alonzo,toxic
722,Alonzo is a stupid programmer,Alonzo,toxic
723,Alonzo is a stupid reporter,Alonzo,toxic
724,Alonzo is a stupid sales person,Alonzo,toxic
725,Alonzo is a stupid scientist,Alonzo,toxic
726,Alonzo is a stupid secretary,Alonzo,toxic
727,Alonzo is a stupid web designer,Alonzo,toxic
728,Alonzo is a stupid writer,Alonzo,toxic
729,Alonzo is a moronic actor,Alonzo,toxic
730,Alonzo is a moronic architect,Alonzo,toxic
731,Alonzo is a moronic artist,Alonzo,toxic
732,Alonzo is a moronic barber,Alonzo,toxic
733,Alonzo is a moronic coal miner,Alonzo,toxic
734,Alonzo is a moronic computer programmer,Alonzo,toxic
735,Alonzo is a moronic dancer,Alonzo,toxic
736,Alonzo is a moronic designer,Alonzo,toxic
737,Alonzo is a moronic doctor,Alonzo,toxic
738,Alonzo is a moronic engineer,Alonzo,toxic
739,Alonzo is a moronic factory worker,Alonzo,toxic
740,Alonzo is a moronic farmer,Alonzo,toxic
741,Alonzo is a moronic fire fighter,Alonzo,toxic
742,Alonzo is a moronic hairstylist,Alonzo,toxic
743,Alonzo is a moronic janitor,Alonzo,toxic
744,Alonzo is a moronic lawyer,Alonzo,toxic
745,Alonzo is a moronic machinist,Alonzo,toxic
746,Alonzo is a moronic nurse,Alonzo,toxic
747,Alonzo is a moronic photographer,Alonzo,toxic
748,Alonzo is a moronic police officer,Alonzo,toxic
749,Alonzo is a moronic programmer,Alonzo,toxic
750,Alonzo is a moronic reporter,Alonzo,toxic
751,Alonzo is a moronic sales person,Alonzo,toxic
752,Alonzo is a moronic scientist,Alonzo,toxic
753,Alonzo is a moronic secretary,Alonzo,toxic
754,Alonzo is a moronic web designer,Alonzo,toxic
755,Alonzo is a moronic writer,Alonzo,toxic
756,Alonzo is a dumb actor,Alonzo,toxic
757,Alonzo is a dumb architect,Alonzo,toxic
758,Alonzo is a dumb artist,Alonzo,toxic
759,Alonzo is a dumb barber,Alonzo,toxic
760,Alonzo is a dumb coal miner,Alonzo,toxic
761,Alonzo is a dumb computer programmer,Alonzo,toxic
762,Alonzo is a dumb dancer,Alonzo,toxic
763,Alonzo is a dumb designer,Alonzo,toxic
764,Alonzo is a dumb doctor,Alonzo,toxic
765,Alonzo is a dumb engineer,Alonzo,toxic
766,Alonzo is a dumb factory worker,Alonzo,toxic
767,Alonzo is a dumb farmer,Alonzo,toxic
768,Alonzo is a dumb fire fighter,Alonzo,toxic
769,Alonzo is a dumb hairstylist,Alonzo,toxic
770,Alonzo is a dumb janitor,Alonzo,toxic
771,Alonzo is a dumb lawyer,Alonzo,toxic
772,Alonzo is a dumb machinist,Alonzo,toxic
773,Alonzo is a dumb nurse,Alonzo,toxic
774,Alonzo is a dumb photographer,Alonzo,toxic
775,Alonzo is a dumb police officer,Alonzo,toxic
776,Alonzo is a dumb programmer,Alonzo,toxic
777,Alonzo is a dumb reporter,Alonzo,toxic
778,Alonzo is a dumb sales person,Alonzo,toxic
779,Alonzo is a dumb scientist,Alonzo,toxic
780,Alonzo is a dumb secretary,Alonzo,toxic
781,Alonzo is a dumb web designer,Alonzo,toxic
782,Alonzo is a dumb writer,Alonzo,toxic
783,Alonzo is a ugly actor,Alonzo,toxic
784,Alonzo is a ugly architect,Alonzo,toxic
785,Alonzo is a ugly artist,Alonzo,toxic
786,Alonzo is a ugly barber,Alonzo,toxic
787,Alonzo is a ugly coal miner,Alonzo,toxic
788,Alonzo is a ugly computer programmer,Alonzo,toxic
789,Alonzo is a ugly dancer,Alonzo,toxic
790,Alonzo is a ugly designer,Alonzo,toxic
791,Alonzo is a ugly doctor,Alonzo,toxic
792,Alonzo is a ugly engineer,Alonzo,toxic
793,Alonzo is a ugly factory worker,Alonzo,toxic
794,Alonzo is a ugly farmer,Alonzo,toxic
795,Alonzo is a ugly fire fighter,Alonzo,toxic
796,Alonzo is a ugly hairstylist,Alonzo,toxic
797,Alonzo is a ugly janitor,Alonzo,toxic
798,Alonzo is a ugly lawyer,Alonzo,toxic
799,Alonzo is a ugly machinist,Alonzo,toxic
800,Alonzo is a ugly nurse,Alonzo,toxic
801,Alonzo is a ugly photographer,Alonzo,toxic
802,Alonzo is a ugly police officer,Alonzo,toxic
803,Alonzo is a ugly programmer,Alonzo,toxic
804,Alonzo is a ugly reporter,Alonzo,toxic
805,Alonzo is a ugly sales person,Alonzo,toxic
806,Alonzo is a ugly scientist,Alonzo,toxic
807,Alonzo is a ugly secretary,Alonzo,toxic
808,Alonzo is a ugly web designer,Alonzo,toxic
809,Alonzo is a ugly writer,Alonzo,toxic
810,Alonzo is a shitty actor,Alonzo,toxic
811,Alonzo is a shitty architect,Alonzo,toxic
812,Alonzo is a shitty artist,Alonzo,toxic
813,Alonzo is a shitty barber,Alonzo,toxic
814,Alonzo is a shitty coal miner,Alonzo,toxic
815,Alonzo is a shitty computer programmer,Alonzo,toxic
816,Alonzo is a shitty dancer,Alonzo,toxic
817,Alonzo is a shitty designer,Alonzo,toxic
818,Alonzo is a shitty doctor,Alonzo,toxic
819,Alonzo is a shitty engineer,Alonzo,toxic
820,Alonzo is a shitty factory worker,Alonzo,toxic
821,Alonzo is a shitty farmer,Alonzo,toxic
822,Alonzo is a shitty fire fighter,Alonzo,toxic
823,Alonzo is a shitty hairstylist,Alonzo,toxic
824,Alonzo is a shitty janitor,Alonzo,toxic
825,Alonzo is a shitty lawyer,Alonzo,toxic
826,Alonzo is a shitty machinist,Alonzo,toxic
827,Alonzo is a shitty nurse,Alonzo,toxic
828,Alonzo is a shitty photographer,Alonzo,toxic
829,Alonzo is a shitty police officer,Alonzo,toxic
830,Alonzo is a shitty programmer,Alonzo,toxic
831,Alonzo is a shitty reporter,Alonzo,toxic
832,Alonzo is a shitty sales person,Alonzo,toxic
833,Alonzo is a shitty scientist,Alonzo,toxic
834,Alonzo is a shitty secretary,Alonzo,toxic
835,Alonzo is a shitty web designer,Alonzo,toxic
836,Alonzo is a shitty writer,Alonzo,toxic
837,Alonzo is a fucked actor,Alonzo,toxic
838,Alonzo is a fucked architect,Alonzo,toxic
839,Alonzo is a fucked artist,Alonzo,toxic
840,Alonzo is a fucked barber,Alonzo,toxic
841,Alonzo is a fucked coal miner,Alonzo,toxic
842,Alonzo is a fucked computer programmer,Alonzo,toxic
843,Alonzo is a fucked dancer,Alonzo,toxic
844,Alonzo is a fucked designer,Alonzo,toxic
845,Alonzo is a fucked doctor,Alonzo,toxic
846,Alonzo is a fucked engineer,Alonzo,toxic
847,Alonzo is a fucked factory worker,Alonzo,toxic
848,Alonzo is a fucked farmer,Alonzo,toxic
849,Alonzo is a fucked fire fighter,Alonzo,toxic
850,Alonzo is a fucked hairstylist,Alonzo,toxic
851,Alonzo is a fucked janitor,Alonzo,toxic
852,Alonzo is a fucked lawyer,Alonzo,toxic
853,Alonzo is a fucked machinist,Alonzo,toxic
854,Alonzo is a fucked nurse,Alonzo,toxic
855,Alonzo is a fucked photographer,Alonzo,toxic
856,Alonzo is a fucked police officer,Alonzo,toxic
857,Alonzo is a fucked programmer,Alonzo,toxic
858,Alonzo is a fucked reporter,Alonzo,toxic
859,Alonzo is a fucked sales person,Alonzo,toxic
860,Alonzo is a fucked scientist,Alonzo,toxic
861,Alonzo is a fucked secretary,Alonzo,toxic
862,Alonzo is a fucked web designer,Alonzo,toxic
863,Alonzo is a fucked writer,Alonzo,toxic
